timestamp,train_id,train_type,current_station,next_station,speed_kmph,scheduled_arrival,actual_arrival,current_delay_min,weather,signal_status,track_status,platform_available,train_priority,day_of_week,hour_of_day,congestion_level,predicted_delay_min
2024-08-16 04:55,T101,Passenger,S1,S2,72,03:43,03:52,9,Rain,Yellow,Free,Yes,1,Tuesday,4,Low,12
2024-06-12 22:30,T102,Freight,S1,S2,64,10:17,10:39,22,Sunny,Red,Free,Yes,3,Sunday,22,Low,29
2024-01-01 20:45,T103,Express,S4,S5,90,11:36,11:54,18,Sunny,Green,Occupied,No,1,Friday,20,High,20
2024-06-24 17:55,T104,Passenger,S1,S2,93,07:10,07:18,8,Sunny,Green,Occupied,Yes,1,Saturday,17,Low,10
2024-07-30 12:50,T105,Express,S3,S4,98,14:09,14:18,9,Sunny,Green,Free,Yes,1,Saturday,12,Medium,9
2024-07-30 21:30,T106,Freight,S2,S3,60,19:04,19:17,13,Sunny,Yellow,Free,Yes,3,Tuesday,21,Medium,17
2024-07-01 16:05,T107,Express,S3,S4,117,20:19,20:32,13,Fog,Yellow,Free,Yes,1,Sunday,16,Low,14
2024-07-16 02:40,T108,Express,S1,S2,90,04:08,04:31,23,Rain,Red,Free,Yes,1,Saturday,2,Medium,28
2024-09-24 07:45,T109,Express,S3,S4,86,07:00,07:18,18,Sunny,Yellow,Free,No,1,Friday,7,High,20
2024-04-09 21:30,T110,Freight,S4,S5,46,11:27,11:46,19,Sunny,Red,Free,Yes,3,Monday,21,Medium,22
2024-10-22 02:35,T111,Passenger,S3,S4,84,17:06,17:36,30,Sunny,Red,Occupied,No,2,Tuesday,2,High,33
2024-07-22 14:20,T112,Freight,S3,S4,69,13:44,14:14,30,Fog,Red,Free,No,3,Sunday,14,Low,36
2024-03-23 05:05,T113,Freight,S2,S3,41,19:04,19:25,21,Rain,Green,Free,No,3,Friday,5,Low,25
2024-04-15 04:50,T114,Express,S3,S4,100,20:19,20:33,14,Sunny,Red,Occupied,Yes,1,Wednesday,4,Medium,17
2024-03-24 17:20,T115,Express,S3,S4,118,21:06,21:20,14,Fog,Green,Free,Yes,1,Monday,17,Medium,18
2024-05-13 08:00,T116,Freight,S1,S2,42,00:21,00:49,28,Rain,Yellow,Free,No,3,Saturday,8,Medium,31
2024-08-03 21:15,T117,Express,S3,S4,87,21:06,21:21,15,Sunny,Yellow,Occupied,No,1,Wednesday,21,Medium,16
2024-07-23 14:25,T118,Passenger,S1,S2,85,09:52,10:18,26,Rain,Green,Free,Yes,2,Tuesday,14,High,27
2024-03-26 08:00,T119,Freight,S3,S4,45,03:38,03:59,21,Sunny,Yellow,Free,Yes,3,Friday,8,Medium,24
2024-09-25 03:55,T120,Express,S3,S4,105,09:32,09:35,3,Sunny,Green,Free,Yes,1,Saturday,3,Low,3
2024-08-03 13:45,T121,Passenger,S1,S2,74,19:41,20:01,20,Sunny,Green,Occupied,Yes,2,Wednesday,13,High,28
2024-08-13 06:10,T122,Express,S2,S3,104,00:02,00:17,15,Sunny,Green,Occupied,Yes,1,Tuesday,6,Medium,15
2024-03-21 22:40,T123,Freight,S2,S3,45,14:03,14:33,30,Rain,Red,Free,Yes,3,Sunday,22,Medium,36
2024-10-08 14:05,T124,Freight,S4,S5,60,22:18,22:40,22,Sunny,Green,Occupied,Yes,3,Tuesday,14,Low,25
2024-07-30 13:30,T125,Express,S4,S5,111,18:44,19:08,24,Sunny,Red,Free,Yes,1,Monday,13,High,28
2024-06-18 14:10,T126,Express,S3,S4,110,19:34,19:39,5,Sunny,Green,Free,Yes,1,Saturday,14,Medium,5
2024-01-01 12:20,T127,Express,S3,S4,106,13:16,13:38,22,Fog,Green,Occupied,Yes,1,Sunday,12,High,27
2024-04-26 08:25,T128,Express,S1,S2,98,05:38,06:00,22,Rain,Yellow,Free,No,1,Thursday,8,High,24
2024-05-03 18:00,T129,Passenger,S3,S4,93,11:34,11:50,16,Sunny,Green,Free,Yes,2,Sunday,18,High,21
2024-08-22 20:20,T130,Passenger,S4,S5,66,19:51,20:10,19,Fog,Yellow,Free,No,2,Saturday,20,Low,25
2024-09-28 10:10,T131,Passenger,S3,S4,56,15:13,15:21,8,Sunny,Green,Free,Yes,2,Thursday,10,Medium,11
2024-05-08 15:35,T132,Passenger,S2,S3,85,00:05,00:21,16,Sunny,Green,Free,Yes,2,Saturday,15,Medium,17
2024-08-24 03:55,T133,Passenger,S3,S4,74,06:20,06:36,16,Sunny,Yellow,Occupied,Yes,1,Wednesday,3,Medium,20
2024-10-26 22:10,T134,Express,S1,S2,88,20:55,21:06,11,Rain,Green,Free,Yes,1,Friday,22,Medium,12
2024-08-18 18:20,T135,Express,S1,S2,94,02:15,02:30,15,Sunny,Yellow,Free,No,1,Tuesday,18,Low,17
2024-08-04 08:50,T136,Passenger,S1,S2,68,02:10,02:20,10,Sunny,Yellow,Free,Yes,2,Saturday,8,Medium,11
2024-03-18 06:30,T137,Passenger,S3,S4,95,03:34,03:55,21,Sunny,Green,Free,Yes,1,Friday,6,High,25
2024-07-24 14:05,T138,Passenger,S3,S4,87,19:02,19:18,16,Fog,Yellow,Free,Yes,1,Friday,14,Medium,21
2024-07-22 02:35,T139,Freight,S4,S5,60,11:26,11:52,26,Sunny,Yellow,Occupied,Yes,3,Sunday,2,Medium,31
2024-09-12 14:30,T140,Freight,S1,S2,61,01:12,01:29,17,Sunny,Yellow,Free,Yes,3,Sunday,14,Low,18
2024-09-21 00:40,T141,Express,S2,S3,95,13:05,13:24,19,Sunny,Red,Free,No,1,Wednesday,0,Medium,24
2024-08-08 23:10,T142,Passenger,S4,S5,67,02:17,02:45,28,Rain,Red,Free,No,1,Friday,23,Low,33
2024-10-17 06:55,T143,Express,S4,S5,114,07:36,07:49,13,Sunny,Red,Free,Yes,1,Wednesday,6,Medium,17
2024-05-27 13:50,T144,Express,S4,S5,85,04:04,04:24,20,Sunny,Red,Free,Yes,1,Saturday,13,Medium,22
2024-04-02 13:05,T145,Passenger,S3,S4,69,20:45,21:15,30,Fog,Green,Occupied,No,1,Saturday,13,High,38
2024-04-09 07:35,T146,Express,S1,S2,109,18:09,18:28,19,Sunny,Yellow,Free,Yes,1,Friday,7,High,23
2024-04-03 15:05,T147,Passenger,S4,S5,74,07:24,07:48,24,Rain,Yellow,Occupied,Yes,2,Tuesday,15,Medium,28
2024-01-26 20:50,T148,Passenger,S2,S3,95,01:19,01:32,13,Rain,Green,Free,Yes,2,Monday,20,Low,16
2024-02-05 08:10,T149,Freight,S3,S4,56,08:58,09:26,28,Fog,Green,Occupied,No,3,Friday,8,Low,34
2024-03-29 23:50,T150,Express,S1,S2,114,08:37,08:44,7,Sunny,Yellow,Free,Yes,1,Wednesday,23,Medium,9
2024-04-28 03:15,T151,Express,S1,S2,104,17:08,17:18,10,Sunny,Green,Occupied,Yes,1,Thursday,3,Medium,13
2024-03-12 03:50,T152,Express,S4,S5,100,11:34,11:55,21,Fog,Yellow,Free,Yes,1,Sunday,3,High,25
2024-08-20 07:25,T153,Freight,S2,S3,58,04:50,05:11,21,Fog,Green,Occupied,Yes,3,Tuesday,7,Low,27
2024-05-09 23:30,T154,Express,S2,S3,101,16:07,16:20,13,Rain,Green,Occupied,Yes,1,Monday,23,Low,14
2024-02-01 14:05,T155,Passenger,S1,S2,86,02:20,02:36,16,Rain,Green,Free,Yes,2,Saturday,14,Low,19
2024-10-13 06:30,T156,Express,S1,S2,120,14:56,15:01,5,Sunny,Green,Free,Yes,1,Saturday,6,Low,3
2024-09-08 02:05,T157,Passenger,S4,S5,59,13:06,13:22,16,Rain,Green,Free,Yes,2,Monday,2,Medium,20
2024-06-07 21:35,T158,Express,S1,S2,117,07:54,08:13,19,Sunny,Red,Free,No,1,Tuesday,21,Medium,21
2024-03-14 12:05,T159,Passenger,S2,S3,64,04:47,05:09,22,Rain,Green,Occupied,Yes,2,Friday,12,Low,25
2024-02-02 01:50,T160,Freight,S2,S3,45,02:17,02:29,12,Sunny,Green,Free,Yes,3,Sunday,1,Low,12
2024-01-16 01:15,T101,Passenger,S4,S5,88,12:38,12:51,13,Sunny,Green,Occupied,No,2,Saturday,1,Low,13
2024-09-10 21:25,T102,Passenger,S2,S3,87,02:25,02:52,27,Fog,Green,Free,No,2,Friday,21,Medium,29
2024-02-11 11:05,T103,Freight,S4,S5,66,13:54,14:16,22,Sunny,Green,Free,Yes,3,Saturday,11,High,26
2024-03-22 20:10,T104,Passenger,S3,S4,77,07:06,07:23,17,Sunny,Green,Free,No,2,Saturday,20,Low,19
2024-06-03 14:05,T105,Passenger,S3,S4,95,15:28,15:40,12,Rain,Yellow,Free,Yes,1,Wednesday,14,Medium,18
2024-10-12 20:15,T106,Passenger,S1,S2,83,10:38,10:45,7,Sunny,Green,Free,Yes,2,Sunday,20,Low,6
2024-08-23 19:10,T107,Express,S4,S5,113,11:23,11:42,19,Fog,Green,Occupied,Yes,1,Friday,19,Low,24
2024-10-23 21:10,T108,Passenger,S2,S3,76,11:19,11:43,24,Fog,Yellow,Free,Yes,2,Monday,21,Low,28
2024-07-03 06:25,T109,Passenger,S1,S2,78,15:12,15:32,20,Sunny,Green,Free,No,1,Wednesday,6,High,22
2024-04-30 11:50,T110,Express,S2,S3,113,23:15,23:37,22,Fog,Yellow,Occupied,No,1,Monday,11,Low,25
2024-02-23 20:35,T111,Freight,S2,S3,67,11:35,12:00,25,Fog,Yellow,Free,Yes,3,Wednesday,20,Low,29
2024-08-02 11:15,T112,Freight,S4,S5,41,12:05,12:26,21,Sunny,Green,Occupied,No,3,Thursday,11,Medium,23
2024-03-03 23:45,T113,Express,S2,S3,94,16:27,16:38,11,Sunny,Green,Free,Yes,1,Friday,23,Medium,10
2024-10-11 13:10,T114,Express,S1,S2,107,21:42,21:57,15,Sunny,Red,Free,Yes,1,Tuesday,13,Medium,18
2024-03-13 20:05,T115,Freight,S3,S4,47,18:47,19:15,28,Rain,Green,Free,Yes,3,Saturday,20,Medium,31
2024-02-25 09:40,T116,Express,S2,S3,87,12:52,12:59,7,Sunny,Green,Occupied,Yes,1,Wednesday,9,Low,8
2024-02-17 05:35,T117,Freight,S4,S5,68,22:31,22:51,20,Sunny,Yellow,Free,Yes,3,Thursday,5,Medium,23
2024-06-03 11:35,T118,Passenger,S4,S5,65,01:46,02:12,26,Fog,Green,Occupied,Yes,2,Saturday,11,High,35
2024-03-01 11:25,T119,Express,S1,S2,100,12:36,12:40,4,Sunny,Green,Free,Yes,1,Sunday,11,Medium,3
2024-07-30 16:30,T120,Freight,S1,S2,63,17:07,17:23,16,Sunny,Green,Free,No,3,Tuesday,16,Low,17
2024-04-08 10:50,T121,Express,S4,S5,90,11:45,12:00,15,Sunny,Yellow,Occupied,No,1,Sunday,10,Medium,19
2024-01-27 02:05,T122,Passenger,S4,S5,90,09:25,09:50,25,Fog,Yellow,Free,No,2,Tuesday,2,Low,30
2024-08-02 01:05,T123,Passenger,S2,S3,63,16:09,16:23,14,Sunny,Green,Occupied,Yes,2,Thursday,1,Medium,17
2024-06-21 18:45,T124,Passenger,S1,S2,87,04:10,04:31,21,Rain,Yellow,Free,No,2,Saturday,18,High,26
2024-09-07 21:30,T125,Passenger,S3,S4,74,09:29,09:41,12,Sunny,Green,Free,Yes,1,Thursday,21,Medium,13
2024-06-26 03:20,T126,Passenger,S1,S2,75,14:15,14:37,22,Sunny,Green,Occupied,No,2,Tuesday,3,High,28
2024-04-02 12:40,T127,Passenger,S3,S4,86,14:15,14:32,17,Sunny,Green,Free,Yes,2,Monday,12,Medium,15
2024-04-22 11:00,T128,Passenger,S3,S4,78,12:03,12:23,20,Rain,Green,Free,Yes,2,Sunday,11,High,24
2024-06-22 04:15,T129,Freight,S3,S4,57,19:32,20:00,28,Sunny,Green,Free,No,3,Wednesday,4,High,31
2024-08-07 16:40,T130,Passenger,S3,S4,92,15:45,16:00,15,Rain,Green,Free,Yes,1,Wednesday,16,Medium,16
2024-05-18 19:30,T131,Passenger,S2,S3,88,04:52,05:12,20,Rain,Green,Occupied,Yes,1,Saturday,19,Low,26
2024-08-19 06:40,T132,Freight,S1,S2,62,10:42,11:09,27,Sunny,Green,Occupied,Yes,3,Tuesday,6,Medium,30
2024-05-01 06:55,T133,Freight,S3,S4,64,22:31,22:56,25,Sunny,Green,Occupied,No,3,Wednesday,6,Low,27
2024-03-12 08:55,T134,Express,S1,S2,107,15:13,15:20,7,Sunny,Yellow,Occupied,Yes,1,Thursday,8,Low,7
2024-03-28 17:10,T135,Passenger,S1,S2,63,13:41,14:03,22,Fog,Red,Free,Yes,2,Monday,17,Low,25
2024-06-29 01:30,T136,Freight,S2,S3,53,15:11,15:41,30,Fog,Red,Occupied,No,3,Sunday,1,Low,36
2024-07-09 00:55,T137,Express,S4,S5,101,10:50,11:06,16,Sunny,Yellow,Free,Yes,1,Saturday,0,Medium,16
2024-04-02 07:35,T138,Passenger,S2,S3,55,08:21,08:30,9,Sunny,Yellow,Free,Yes,2,Wednesday,7,Low,10
2024-02-08 09:25,T139,Passenger,S3,S4,62,19:14,19:32,18,Sunny,Green,Free,No,2,Saturday,9,Medium,20
2024-04-24 01:40,T140,Passenger,S3,S4,59,16:12,16:21,9,Rain,Green,Free,Yes,1,Friday,1,Low,10
2024-09-29 14:50,T141,Passenger,S4,S5,91,09:46,09:54,8,Sunny,Green,Free,Yes,1,Monday,14,Medium,8
2024-01-13 12:35,T142,Passenger,S2,S3,81,12:24,12:46,22,Sunny,Red,Occupied,Yes,2,Wednesday,12,Low,24
2024-08-31 07:15,T143,Passenger,S4,S5,89,14:22,14:36,14,Sunny,Green,Occupied,No,1,Thursday,7,Medium,18
2024-02-15 12:35,T144,Passenger,S1,S2,70,07:34,08:01,27,Sunny,Red,Free,Yes,1,Saturday,12,High,34
2024-09-27 18:55,T145,Express,S3,S4,102,05:40,05:58,18,Rain,Yellow,Free,Yes,1,Monday,18,Medium,19
2024-05-27 14:00,T146,Freight,S3,S4,67,17:26,17:52,26,Fog,Yellow,Free,Yes,3,Saturday,14,Low,30
2024-08-11 18:55,T147,Passenger,S1,S2,59,21:35,21:48,13,Sunny,Green,Occupied,Yes,2,Tuesday,18,Low,14
2024-09-22 10:20,T148,Passenger,S2,S3,80,12:29,12:40,11,Sunny,Green,Free,Yes,2,Tuesday,10,Low,10
2024-10-11 07:55,T149,Passenger,S4,S5,57,04:01,04:20,19,Sunny,Red,Free,Yes,1,Friday,7,Low,22
2024-06-21 23:25,T150,Express,S4,S5,116,05:08,05:19,11,Rain,Green,Occupied,Yes,1,Thursday,23,Medium,14
2024-02-02 20:50,T151,Express,S4,S5,108,19:58,19:59,1,Sunny,Green,Free,Yes,1,Monday,20,Low,0
2024-09-03 06:45,T152,Express,S1,S2,118,16:16,16:30,14,Fog,Green,Free,Yes,1,Tuesday,6,Medium,17
2024-04-29 05:05,T153,Passenger,S1,S2,95,15:54,16:05,11,Sunny,Yellow,Free,No,1,Monday,5,Medium,12
2024-01-23 00:15,T154,Freight,S1,S2,45,18:09,18:34,25,Rain,Yellow,Free,Yes,3,Sunday,0,Low,30
2024-05-27 07:05,T155,Passenger,S3,S4,58,10:38,11:02,24,Rain,Red,Free,No,1,Monday,7,Low,30
2024-08-05 07:55,T156,Passenger,S1,S2,94,02:05,02:13,8,Sunny,Green,Occupied,Yes,2,Wednesday,7,Low,10
2024-07-10 13:35,T157,Freight,S1,S2,44,17:35,17:53,18,Sunny,Green,Free,Yes,3,Monday,13,Medium,19
2024-06-22 21:30,T158,Passenger,S2,S3,91,05:08,05:11,3,Sunny,Green,Free,Yes,1,Friday,21,Low,2
2024-07-19 14:05,T159,Passenger,S4,S5,93,04:19,04:40,21,Sunny,Green,Occupied,Yes,2,Friday,14,Medium,24
2024-06-01 22:50,T160,Express,S4,S5,105,15:36,15:53,17,Rain,Green,Free,No,1,Wednesday,22,Low,16
2024-09-25 13:50,T101,Passenger,S3,S4,59,15:08,15:38,30,Rain,Green,Occupied,No,2,Sunday,13,Low,32
2024-09-06 19:50,T102,Freight,S3,S4,62,02:06,02:27,21,Rain,Yellow,Free,Yes,3,Sunday,19,Low,25
2024-04-10 14:50,T103,Passenger,S2,S3,83,18:44,18:56,12,Sunny,Green,Free,Yes,2,Wednesday,14,High,14
2024-02-26 15:05,T104,Passenger,S2,S3,88,14:46,15:09,23,Rain,Green,Free,No,1,Thursday,15,High,29
2024-04-24 20:10,T105,Passenger,S4,S5,69,05:40,06:00,20,Rain,Green,Occupied,No,2,Sunday,20,Medium,24
2024-03-27 15:40,T106,Express,S4,S5,92,20:20,20:39,19,Rain,Yellow,Free,Yes,1,Wednesday,15,High,22
2024-05-08 19:10,T107,Passenger,S2,S3,87,18:24,18:34,10,Sunny,Green,Free,No,2,Thursday,19,Low,9
2024-03-08 00:35,T108,Express,S4,S5,88,04:12,04:42,30,Fog,Red,Free,Yes,1,Sunday,0,Medium,34
2024-06-17 18:55,T109,Express,S3,S4,95,15:35,15:43,8,Sunny,Yellow,Free,Yes,1,Sunday,18,High,13
2024-02-26 02:35,T110,Freight,S1,S2,54,03:49,04:19,30,Fog,Green,Occupied,Yes,3,Wednesday,2,High,40
2024-10-13 08:40,T111,Passenger,S3,S4,73,21:52,22:22,30,Sunny,Red,Occupied,No,2,Wednesday,8,High,35
2024-03-25 14:05,T112,Passenger,S3,S4,95,20:50,21:13,23,Fog,Green,Free,Yes,2,Thursday,14,Low,23
2024-04-24 11:05,T113,Passenger,S4,S5,95,17:25,17:33,8,Sunny,Green,Free,Yes,2,Saturday,11,Low,9
2024-02-11 14:00,T114,Freight,S1,S2,41,03:59,04:20,21,Fog,Green,Free,No,3,Monday,14,Low,26
2024-02-10 09:55,T115,Express,S2,S3,88,22:48,23:03,15,Sunny,Yellow,Occupied,Yes,1,Thursday,9,Medium,16
2024-05-28 03:05,T116,Passenger,S2,S3,79,10:23,10:52,29,Fog,Green,Occupied,No,1,Monday,3,High,35
2024-03-29 03:10,T117,Freight,S4,S5,67,03:37,03:55,18,Rain,Green,Free,No,3,Tuesday,3,Low,22
2024-03-02 01:15,T118,Passenger,S2,S3,80,15:24,15:41,17,Sunny,Green,Free,Yes,2,Wednesday,1,High,23
2024-03-15 00:45,T119,Passenger,S2,S3,85,02:00,02:17,17,Sunny,Green,Free,No,2,Sunday,0,Medium,18
2024-04-07 04:40,T120,Express,S1,S2,117,10:25,10:41,16,Rain,Yellow,Free,Yes,1,Tuesday,4,Low,19
2024-06-08 21:55,T121,Passenger,S1,S2,74,05:07,05:18,11,Sunny,Green,Free,Yes,2,Saturday,21,Medium,12
2024-08-14 13:20,T122,Passenger,S1,S2,56,16:04,16:16,12,Sunny,Red,Free,Yes,2,Wednesday,13,Low,12
2024-08-09 00:00,T123,Freight,S1,S2,47,00:15,00:42,27,Sunny,Green,Occupied,Yes,3,Saturday,0,High,32
2024-03-30 01:10,T124,Freight,S3,S4,43,07:51,08:15,24,Sunny,Green,Free,No,3,Friday,1,High,27
2024-06-24 11:45,T125,Passenger,S3,S4,94,15:49,16:09,20,Rain,Yellow,Free,No,1,Tuesday,11,High,26
2024-04-05 04:55,T126,Freight,S4,S5,55,08:05,08:35,30,Sunny,Green,Occupied,Yes,3,Monday,4,High,34
2024-03-28 04:15,T127,Passenger,S1,S2,82,09:16,09:41,25,Fog,Red,Free,No,2,Saturday,4,Medium,30
2024-03-07 06:35,T128,Passenger,S4,S5,62,09:29,09:36,7,Sunny,Green,Free,Yes,2,Friday,6,Medium,6
2024-02-20 21:20,T129,Passenger,S3,S4,80,08:52,09:08,16,Fog,Green,Free,Yes,2,Friday,21,Low,16
2024-08-31 12:25,T130,Express,S2,S3,93,21:40,21:51,11,Fog,Green,Free,No,1,Tuesday,12,Low,11
2024-05-23 23:30,T131,Freight,S1,S2,45,15:01,15:20,19,Sunny,Green,Free,No,3,Friday,23,Low,20
2024-10-13 12:10,T132,Passenger,S4,S5,58,13:12,13:39,27,Rain,Yellow,Free,No,2,Monday,12,Low,32
2024-01-27 10:45,T133,Passenger,S4,S5,72,07:01,07:26,25,Fog,Yellow,Free,No,2,Tuesday,10,High,30
2024-09-22 05:10,T134,Passenger,S4,S5,77,07:37,07:46,9,Sunny,Yellow,Free,Yes,2,Sunday,5,Low,10
2024-08-26 19:15,T135,Express,S1,S2,90,00:33,00:37,4,Sunny,Green,Free,No,1,Monday,19,Low,6
2024-08-26 11:05,T136,Passenger,S2,S3,62,11:45,12:04,19,Fog,Green,Free,Yes,1,Sunday,11,Low,25
2024-01-04 05:30,T137,Passenger,S3,S4,69,09:46,10:06,20,Rain,Green,Occupied,No,2,Saturday,5,Low,22
2024-03-20 07:25,T138,Freight,S2,S3,50,10:10,10:40,30,Rain,Red,Occupied,Yes,3,Saturday,7,Medium,36
2024-07-23 12:25,T139,Passenger,S4,S5,65,17:24,17:32,8,Sunny,Green,Occupied,Yes,2,Thursday,12,Low,9
2024-06-23 12:10,T140,Express,S1,S2,89,23:04,23:20,16,Sunny,Red,Free,Yes,1,Wednesday,12,Medium,18
2024-04-23 17:55,T141,Express,S2,S3,97,23:34,23:45,11,Sunny,Green,Free,Yes,1,Thursday,17,Medium,8
2024-01-27 06:10,T142,Express,S4,S5,97,20:18,20:35,17,Fog,Green,Free,No,1,Monday,6,Medium,17
2024-09-14 08:45,T143,Express,S4,S5,101,01:09,01:25,16,Rain,Yellow,Free,Yes,1,Tuesday,8,Medium,19
2024-01-23 16:45,T144,Express,S1,S2,117,21:39,21:52,13,Sunny,Red,Free,No,1,Friday,16,Low,12
2024-09-21 10:55,T145,Freight,S2,S3,66,02:05,02:19,14,Sunny,Green,Free,Yes,3,Friday,10,Medium,18
2024-07-17 03:20,T146,Passenger,S1,S2,61,17:56,18:05,9,Sunny,Green,Free,Yes,2,Friday,3,Low,8
2024-01-11 10:55,T147,Passenger,S4,S5,57,07:03,07:33,30,Rain,Red,Occupied,Yes,2,Thursday,10,Low,35
2024-05-06 19:50,T148,Freight,S3,S4,48,02:12,02:33,21,Sunny,Red,Free,Yes,3,Saturday,19,Medium,29
2024-10-23 06:00,T149,Freight,S1,S2,45,07:02,07:32,30,Sunny,Red,Occupied,Yes,3,Tuesday,6,High,39
2024-09-14 08:55,T150,Passenger,S3,S4,77,22:05,22:20,15,Sunny,Green,Free,Yes,2,Tuesday,8,High,20
2024-03-03 05:45,T151,Passenger,S1,S2,85,00:14,00:38,24,Sunny,Red,Free,No,2,Tuesday,5,Medium,30
2024-01-08 16:50,T152,Freight,S4,S5,58,11:35,12:00,25,Rain,Yellow,Free,Yes,3,Monday,16,Low,30
2024-08-09 19:30,T153,Freight,S1,S2,65,21:20,21:50,30,Rain,Yellow,Occupied,No,3,Sunday,19,Low,36
2024-01-01 03:35,T154,Passenger,S2,S3,90,04:47,05:02,15,Sunny,Red,Occupied,Yes,2,Tuesday,3,Low,21
2024-10-26 09:35,T155,Freight,S3,S4,51,03:30,03:50,20,Sunny,Yellow,Free,Yes,3,Wednesday,9,Medium,21
2024-10-10 22:10,T156,Express,S4,S5,94,02:31,02:39,8,Sunny,Red,Free,Yes,1,Wednesday,22,Medium,11
2024-02-08 17:15,T157,Passenger,S4,S5,79,23:23,23:50,27,Fog,Red,Occupied,Yes,1,Monday,17,Low,35
2024-03-12 09:35,T158,Express,S1,S2,87,23:33,23:47,14,Rain,Green,Occupied,No,1,Wednesday,9,Low,15
2024-05-08 20:00,T159,Passenger,S2,S3,62,12:56,13:02,6,Rain,Yellow,Free,Yes,1,Wednesday,20,Low,10
2024-04-12 20:00,T160,Express,S2,S3,98,09:26,09:32,6,Rain,Yellow,Free,Yes,1,Saturday,20,Low,9
2024-03-07 22:30,T101,Express,S3,S4,118,09:10,09:10,0,Sunny,Green,Free,No,1,Tuesday,22,Low,0
2024-04-13 08:50,T102,Freight,S1,S2,63,07:29,07:48,19,Fog,Green,Free,Yes,3,Saturday,8,Low,20
2024-05-21 21:50,T103,Freight,S1,S2,40,05:21,05:37,16,Sunny,Green,Free,No,3,Sunday,21,Low,19
2024-05-11 20:10,T104,Express,S4,S5,115,03:08,03:37,29,Rain,Green,Occupied,Yes,1,Sunday,20,Medium,34
2024-05-31 01:05,T105,Freight,S1,S2,68,08:41,09:10,29,Sunny,Yellow,Occupied,No,3,Thursday,1,Medium,31
2024-06-29 15:10,T106,Passenger,S2,S3,87,02:48,03:02,14,Sunny,Green,Occupied,Yes,1,Sunday,15,Medium,16
2024-07-28 23:50,T107,Freight,S4,S5,50,00:06,00:32,26,Sunny,Green,Free,No,3,Monday,23,High,29
2024-02-04 19:35,T108,Freight,S3,S4,57,22:42,22:59,17,Sunny,Green,Free,Yes,3,Sunday,19,Low,16
2024-08-29 22:55,T109,Express,S2,S3,116,23:26,23:40,14,Sunny,Yellow,Free,No,1,Tuesday,22,Low,15
2024-08-31 23:00,T110,Passenger,S2,S3,86,17:59,18:22,23,Sunny,Yellow,Occupied,No,2,Monday,23,Medium,29
2024-03-27 10:20,T111,Freight,S2,S3,48,14:51,15:17,26,Sunny,Green,Occupied,No,3,Thursday,10,Low,28
2024-04-08 05:40,T112,Freight,S2,S3,62,17:44,18:14,30,Rain,Yellow,Occupied,Yes,3,Saturday,5,Medium,34
2024-09-13 04:00,T113,Freight,S2,S3,49,22:50,23:07,17,Sunny,Yellow,Free,No,3,Saturday,4,Low,20
2024-02-25 00:55,T114,Freight,S3,S4,70,08:12,08:42,30,Rain,Yellow,Occupied,No,3,Friday,0,High,37
2024-05-13 05:45,T115,Express,S3,S4,120,08:00,08:03,3,Sunny,Yellow,Free,Yes,1,Wednesday,5,Low,1
2024-03-20 05:40,T116,Freight,S3,S4,56,02:50,03:03,13,Sunny,Green,Free,Yes,3,Tuesday,5,Low,14
2024-06-19 20:00,T117,Express,S4,S5,120,03:42,03:42,0,Sunny,Green,Free,No,1,Sunday,20,Low,0
2024-08-29 11:40,T118,Passenger,S3,S4,56,16:28,16:39,11,Sunny,Green,Occupied,Yes,1,Friday,11,Low,13
2024-04-29 23:30,T119,Freight,S2,S3,57,20:52,21:09,17,Fog,Yellow,Free,Yes,3,Sunday,23,Low,21
2024-05-23 10:00,T120,Passenger,S4,S5,95,12:43,12:55,12,Sunny,Green,Occupied,Yes,2,Thursday,10,Low,13
2024-10-15 14:30,T121,Freight,S3,S4,59,12:52,13:13,21,Rain,Green,Free,Yes,3,Monday,14,Low,25
2024-01-06 18:45,T122,Freight,S2,S3,43,12:34,12:55,21,Sunny,Green,Free,No,3,Monday,18,Medium,25
2024-03-28 18:00,T123,Freight,S2,S3,43,17:29,17:54,25,Rain,Green,Occupied,Yes,3,Tuesday,18,Low,27
2024-03-16 09:55,T124,Express,S4,S5,106,18:09,18:14,5,Rain,Green,Free,Yes,1,Friday,9,Low,6
2024-07-12 09:35,T125,Freight,S4,S5,54,17:06,17:27,21,Sunny,Yellow,Occupied,No,3,Wednesday,9,Low,27
2024-09-13 17:35,T126,Express,S1,S2,120,20:49,21:01,12,Sunny,Green,Occupied,Yes,1,Wednesday,17,High,18
2024-07-02 18:45,T127,Passenger,S2,S3,83,21:55,22:14,19,Fog,Yellow,Free,Yes,1,Tuesday,18,Medium,26
2024-02-01 03:55,T128,Freight,S1,S2,41,16:40,17:10,30,Fog,Red,Free,Yes,3,Saturday,3,Low,38
2024-07-12 19:00,T129,Passenger,S3,S4,86,16:56,17:04,8,Sunny,Green,Free,Yes,1,Sunday,19,Low,9
2024-07-09 15:15,T130,Freight,S1,S2,55,18:10,18:29,19,Rain,Green,Free,Yes,3,Saturday,15,Medium,24
2024-05-25 21:20,T131,Freight,S1,S2,68,02:13,02:43,30,Sunny,Red,Occupied,Yes,3,Saturday,21,High,37
2024-07-26 16:40,T132,Passenger,S2,S3,61,21:26,21:55,29,Fog,Yellow,Free,No,2,Monday,16,High,36
2024-08-30 13:15,T133,Passenger,S3,S4,57,15:50,16:14,24,Rain,Green,Occupied,No,2,Saturday,13,Medium,30
2024-08-20 00:30,T134,Express,S1,S2,118,20:13,20:28,15,Rain,Green,Free,Yes,1,Monday,0,Medium,19
2024-09-29 17:35,T135,Passenger,S4,S5,66,08:19,08:32,13,Rain,Yellow,Free,Yes,2,Wednesday,17,Low,16
2024-03-28 20:00,T136,Freight,S1,S2,45,02:52,03:11,19,Sunny,Red,Free,Yes,3,Thursday,20,Low,25
2024-01-11 06:50,T137,Express,S2,S3,116,16:18,16:24,6,Sunny,Yellow,Free,Yes,1,Thursday,6,Medium,6
2024-08-18 00:55,T138,Passenger,S4,S5,92,22:04,22:29,25,Fog,Yellow,Occupied,Yes,2,Tuesday,0,Low,29
2024-08-03 09:25,T139,Passenger,S1,S2,90,03:51,04:07,16,Sunny,Green,Free,No,1,Monday,9,Medium,20
2024-03-10 12:50,T140,Freight,S4,S5,43,07:43,08:11,28,Rain,Red,Free,Yes,3,Wednesday,12,Medium,34
2024-04-09 06:35,T141,Passenger,S3,S4,66,23:12,23:26,14,Sunny,Green,Free,Yes,2,Saturday,6,High,14
2024-07-01 17:00,T142,Passenger,S4,S5,94,15:23,15:47,24,Rain,Green,Occupied,No,2,Monday,17,Medium,30
2024-04-25 16:35,T143,Express,S2,S3,114,10:44,10:48,4,Sunny,Yellow,Free,Yes,1,Monday,16,Low,6
2024-08-03 13:55,T144,Express,S2,S3,116,11:23,11:38,15,Fog,Green,Free,Yes,1,Thursday,13,Medium,18
2024-01-10 05:30,T145,Freight,S2,S3,55,15:08,15:38,30,Fog,Red,Free,No,3,Sunday,5,High,39
2024-02-12 08:25,T146,Freight,S1,S2,54,11:35,12:03,28,Rain,Red,Free,Yes,3,Saturday,8,Low,34
2024-06-23 20:10,T147,Freight,S4,S5,59,05:40,06:03,23,Fog,Green,Free,Yes,3,Wednesday,20,High,29
2024-07-18 11:55,T148,Passenger,S4,S5,72,18:33,18:50,17,Fog,Green,Free,Yes,2,Thursday,11,Medium,17
2024-01-27 12:40,T149,Freight,S4,S5,57,02:06,02:30,24,Sunny,Green,Occupied,No,3,Monday,12,Low,24
2024-07-06 14:40,T150,Express,S3,S4,105,08:35,09:02,27,Sunny,Red,Occupied,Yes,1,Sunday,14,Medium,30
2024-01-11 00:40,T151,Passenger,S3,S4,64,04:22,04:41,19,Sunny,Yellow,Occupied,Yes,2,Wednesday,0,Low,22
2024-06-16 22:55,T152,Express,S4,S5,110,20:24,20:38,14,Fog,Green,Free,Yes,1,Tuesday,22,Medium,16
2024-04-27 19:35,T153,Express,S4,S5,113,06:20,06:25,5,Sunny,Green,Free,Yes,1,Wednesday,19,Low,4
2024-02-20 13:20,T154,Express,S1,S2,116,15:23,15:35,12,Sunny,Yellow,Free,No,1,Tuesday,13,High,17
2024-09-11 12:35,T155,Freight,S1,S2,64,07:47,08:17,30,Fog,Green,Occupied,Yes,3,Saturday,12,Medium,37
2024-10-11 21:15,T156,Passenger,S2,S3,78,03:15,03:33,18,Rain,Green,Free,Yes,1,Monday,21,High,20
2024-03-02 11:50,T157,Passenger,S3,S4,95,04:44,04:57,13,Sunny,Green,Free,Yes,2,Monday,11,Medium,14
2024-07-15 22:35,T158,Passenger,S2,S3,71,17:18,17:28,10,Sunny,Green,Free,Yes,2,Monday,22,Medium,12
2024-06-13 00:50,T159,Express,S3,S4,119,16:24,16:49,25,Rain,Red,Free,Yes,1,Wednesday,0,Medium,30
2024-08-23 21:05,T160,Passenger,S3,S4,62,01:53,02:11,18,Fog,Green,Free,Yes,1,Monday,21,Low,19
2024-03-12 15:05,T101,Passenger,S1,S2,55,14:51,15:13,22,Rain,Green,Occupied,No,2,Tuesday,15,High,25
2024-07-13 06:40,T102,Express,S2,S3,119,21:15,21:41,26,Rain,Red,Free,Yes,1,Thursday,6,Medium,30
2024-09-20 10:25,T103,Passenger,S4,S5,77,13:48,14:10,22,Rain,Red,Free,Yes,2,Wednesday,10,Low,23
2024-01-12 09:00,T104,Freight,S1,S2,56,09:14,09:37,23,Sunny,Green,Occupied,No,3,Tuesday,9,High,30
2024-10-11 12:45,T105,Express,S3,S4,104,06:46,06:59,13,Sunny,Green,Free,Yes,1,Monday,12,High,14
2024-05-24 13:05,T106,Freight,S3,S4,51,07:47,08:11,24,Rain,Yellow,Free,No,3,Sunday,13,Low,27
2024-01-10 18:40,T107,Express,S4,S5,113,02:14,02:24,10,Sunny,Yellow,Free,Yes,1,Sunday,18,Medium,11
2024-03-08 18:15,T108,Passenger,S2,S3,86,17:39,17:59,20,Fog,Yellow,Free,Yes,2,Thursday,18,Medium,24
2024-02-28 19:35,T109,Passenger,S1,S2,74,19:09,19:22,13,Sunny,Red,Free,Yes,1,Tuesday,19,Medium,14
2024-07-01 00:25,T110,Express,S1,S2,104,06:47,06:51,4,Sunny,Green,Free,Yes,1,Thursday,0,Medium,3
2024-06-25 20:00,T111,Express,S2,S3,102,02:24,02:44,20,Rain,Yellow,Occupied,Yes,1,Monday,20,Low,23
2024-01-23 01:15,T112,Express,S4,S5,120,16:19,16:25,6,Sunny,Green,Free,Yes,1,Saturday,1,Low,3
2024-03-12 08:15,T113,Passenger,S4,S5,56,04:21,04:45,24,Fog,Yellow,Free,Yes,2,Friday,8,Medium,30
2024-09-11 21:15,T114,Passenger,S2,S3,63,04:19,04:47,28,Rain,Red,Occupied,Yes,2,Friday,21,High,36
2024-01-11 14:55,T115,Freight,S4,S5,70,20:59,21:21,22,Rain,Green,Free,Yes,3,Thursday,14,Low,22
2024-09-23 19:35,T116,Passenger,S4,S5,63,22:41,22:48,7,Sunny,Red,Free,Yes,1,Friday,19,Low,9
2024-10-14 19:35,T117,Freight,S1,S2,45,22:20,22:50,30,Fog,Red,Free,No,3,Thursday,19,Medium,34
2024-05-30 12:20,T118,Passenger,S1,S2,67,09:29,09:44,15,Sunny,Green,Occupied,Yes,2,Wednesday,12,Medium,19
2024-06-13 18:55,T119,Passenger,S4,S5,56,06:56,07:10,14,Sunny,Green,Occupied,No,2,Tuesday,18,Medium,18
2024-03-30 01:10,T120,Passenger,S2,S3,79,10:36,11:04,28,Fog,Red,Free,Yes,2,Friday,1,Low,33
2024-02-07 08:00,T121,Express,S2,S3,97,14:31,15:01,30,Fog,Yellow,Free,No,1,Monday,8,Low,35
2024-05-31 01:50,T122,Express,S2,S3,88,11:02,11:02,0,Sunny,Green,Free,Yes,1,Tuesday,1,Low,0
2024-03-30 14:55,T123,Express,S3,S4,120,18:23,18:36,13,Fog,Green,Free,Yes,1,Tuesday,14,Low,13
2024-05-03 16:15,T124,Passenger,S3,S4,76,22:13,22:38,25,Rain,Green,Occupied,Yes,2,Friday,16,Medium,30
2024-02-17 15:35,T125,Passenger,S4,S5,88,05:56,06:18,22,Rain,Yellow,Occupied,Yes,1,Saturday,15,Medium,26
2024-03-10 09:20,T126,Passenger,S3,S4,71,16:35,16:46,11,Sunny,Green,Occupied,Yes,2,Sunday,9,Medium,15
2024-02-12 14:40,T127,Freight,S2,S3,55,10:29,10:59,30,Rain,Green,Occupied,No,3,Tuesday,14,Low,33
2024-02-11 17:10,T128,Express,S1,S2,106,18:38,18:52,14,Sunny,Yellow,Occupied,No,1,Thursday,17,Medium,20
2024-02-08 06:05,T129,Express,S1,S2,108,14:32,14:44,12,Sunny,Green,Free,Yes,1,Sunday,6,High,15
2024-10-12 16:05,T130,Passenger,S4,S5,79,00:19,00:34,15,Fog,Yellow,Free,Yes,2,Saturday,16,Low,17
2024-04-30 08:10,T131,Express,S3,S4,113,05:17,05:33,16,Sunny,Red,Free,Yes,1,Saturday,8,Medium,18
2024-02-21 04:00,T132,Passenger,S3,S4,89,15:57,16:17,20,Rain,Green,Free,Yes,1,Thursday,4,Medium,23
2024-06-15 09:50,T133,Passenger,S1,S2,84,20:45,21:04,19,Rain,Green,Occupied,Yes,2,Monday,9,Low,24
2024-07-09 14:10,T134,Express,S4,S5,92,09:49,09:56,7,Sunny,Yellow,Free,Yes,1,Wednesday,14,Medium,7
2024-03-08 10:15,T135,Passenger,S2,S3,85,22:37,22:54,17,Sunny,Red,Free,Yes,2,Thursday,10,Low,17
2024-04-09 14:10,T136,Passenger,S4,S5,75,09:25,09:39,14,Sunny,Green,Occupied,No,2,Friday,14,Medium,15
2024-10-18 14:15,T137,Passenger,S3,S4,79,06:43,07:12,29,Fog,Green,Occupied,Yes,2,Friday,14,High,37
2024-04-01 01:00,T138,Freight,S1,S2,51,22:35,23:05,30,Fog,Green,Occupied,No,3,Friday,1,Low,35
2024-09-20 11:30,T139,Passenger,S2,S3,90,04:18,04:44,26,Fog,Yellow,Free,Yes,1,Thursday,11,Medium,34
2024-06-09 12:25,T140,Express,S4,S5,120,07:11,07:22,11,Sunny,Green,Free,No,1,Sunday,12,Medium,10
2024-05-27 23:40,T141,Express,S4,S5,90,08:29,08:36,7,Sunny,Yellow,Free,Yes,1,Tuesday,23,Medium,10
2024-03-24 09:20,T142,Freight,S3,S4,53,05:02,05:31,29,Rain,Yellow,Free,No,3,Wednesday,9,Low,34
2024-05-15 19:20,T143,Express,S1,S2,102,08:54,09:11,17,Sunny,Yellow,Free,No,1,Wednesday,19,Medium,15
2024-06-19 13:30,T144,Freight,S2,S3,66,07:42,07:58,16,Sunny,Yellow,Free,No,3,Thursday,13,Low,18
2024-05-02 12:35,T145,Passenger,S2,S3,79,08:09,08:16,7,Sunny,Green,Free,No,2,Saturday,12,Low,7
2024-10-05 08:25,T146,Freight,S4,S5,59,08:17,08:41,24,Fog,Green,Free,Yes,3,Saturday,8,Medium,26
2024-04-11 14:25,T147,Express,S1,S2,118,07:46,07:54,8,Sunny,Green,Free,Yes,1,Monday,14,High,13
2024-07-07 08:20,T148,Passenger,S2,S3,62,14:42,15:12,30,Fog,Yellow,Occupied,Yes,2,Saturday,8,High,37
2024-03-12 15:15,T149,Freight,S3,S4,45,19:25,19:38,13,Sunny,Green,Free,No,3,Thursday,15,Low,11
2024-01-19 15:10,T150,Express,S3,S4,113,20:40,20:49,9,Sunny,Green,Free,Yes,1,Monday,15,Low,9
2024-01-04 12:55,T151,Passenger,S1,S2,89,15:07,15:28,21,Rain,Red,Free,Yes,2,Tuesday,12,Medium,25
2024-04-22 12:05,T152,Passenger,S4,S5,67,20:44,20:50,6,Sunny,Green,Free,No,1,Wednesday,12,Low,8
2024-08-19 14:00,T153,Passenger,S4,S5,89,01:21,01:35,14,Sunny,Yellow,Free,Yes,2,Sunday,14,Medium,16
2024-09-05 22:50,T154,Passenger,S4,S5,94,04:00,04:04,4,Sunny,Green,Free,No,2,Monday,22,Low,5
2024-07-26 13:25,T155,Passenger,S2,S3,59,23:43,00:00,17,Sunny,Green,Occupied,Yes,2,Sunday,13,High,19
2024-03-19 17:10,T156,Express,S4,S5,95,14:15,14:27,12,Fog,Green,Free,No,1,Saturday,17,Medium,15
2024-05-26 20:20,T157,Passenger,S4,S5,63,16:28,16:46,18,Sunny,Red,Free,Yes,1,Tuesday,20,Medium,19
2024-06-28 17:40,T158,Express,S1,S2,108,07:29,07:50,21,Rain,Yellow,Free,Yes,1,Sunday,17,High,24
2024-06-07 01:40,T159,Express,S4,S5,87,05:10,05:25,15,Rain,Green,Free,No,1,Monday,1,Medium,16
2024-03-16 15:45,T160,Passenger,S2,S3,79,15:03,15:24,21,Fog,Green,Occupied,Yes,2,Tuesday,15,Low,23
2024-04-23 14:35,T101,Passenger,S1,S2,72,13:10,13:29,19,Rain,Green,Free,Yes,2,Tuesday,14,High,27
2024-09-14 14:20,T102,Passenger,S2,S3,92,00:46,01:01,15,Sunny,Red,Free,Yes,1,Thursday,14,High,21
2024-08-05 22:05,T103,Express,S4,S5,115,14:31,14:46,15,Sunny,Yellow,Free,No,1,Sunday,22,High,18
2024-07-09 04:55,T104,Passenger,S1,S2,84,12:11,12:25,14,Rain,Green,Free,Yes,2,Thursday,4,Low,17
2024-03-23 19:25,T105,Freight,S2,S3,65,23:59,00:29,30,Sunny,Red,Occupied,No,3,Saturday,19,Low,36
2024-09-01 17:05,T106,Passenger,S2,S3,63,20:30,21:00,30,Rain,Yellow,Occupied,No,2,Wednesday,17,High,37
2024-09-01 21:40,T107,Passenger,S1,S2,85,09:28,09:51,23,Rain,Yellow,Occupied,No,2,Saturday,21,Low,25
2024-10-22 06:40,T108,Express,S2,S3,116,20:01,20:19,18,Sunny,Red,Free,Yes,1,Tuesday,6,Low,18
2024-03-01 10:30,T109,Freight,S2,S3,66,18:21,18:49,28,Rain,Yellow,Free,Yes,3,Friday,10,Medium,33
2024-10-18 14:10,T110,Freight,S1,S2,44,19:59,20:12,13,Sunny,Yellow,Free,Yes,3,Wednesday,14,Medium,16
2024-02-05 21:25,T111,Passenger,S2,S3,90,11:09,11:27,18,Sunny,Yellow,Free,Yes,2,Saturday,21,Medium,21
2024-01-03 15:20,T112,Freight,S3,S4,60,18:42,19:04,22,Sunny,Yellow,Occupied,Yes,3,Saturday,15,Medium,28
2024-08-27 07:20,T113,Express,S1,S2,97,06:01,06:31,30,Sunny,Red,Occupied,No,1,Friday,7,High,36
2024-02-29 09:35,T114,Passenger,S1,S2,73,17:05,17:30,25,Sunny,Red,Occupied,Yes,2,Wednesday,9,Low,28
2024-08-25 10:05,T115,Express,S3,S4,115,18:48,18:54,6,Sunny,Green,Free,Yes,1,Sunday,10,Low,7
2024-09-03 09:45,T116,Express,S4,S5,87,09:31,09:41,10,Rain,Green,Free,Yes,1,Sunday,9,Low,9
2024-01-14 23:25,T117,Express,S3,S4,116,18:30,18:45,15,Rain,Red,Free,Yes,1,Monday,23,Medium,20
2024-02-24 08:25,T118,Freight,S2,S3,51,13:40,14:07,27,Fog,Green,Free,Yes,3,Tuesday,8,High,35
2024-10-20 11:10,T119,Express,S3,S4,91,00:08,00:19,11,Sunny,Green,Free,Yes,1,Friday,11,High,15
2024-02-08 02:05,T120,Passenger,S1,S2,81,04:59,05:19,20,Sunny,Green,Occupied,Yes,2,Thursday,2,High,22
2024-01-15 04:15,T121,Freight,S2,S3,62,04:05,04:21,16,Sunny,Yellow,Free,Yes,3,Tuesday,4,Medium,17
2024-03-24 00:05,T122,Freight,S1,S2,42,03:58,04:21,23,Rain,Yellow,Free,Yes,3,Wednesday,0,Low,28
2024-01-15 16:15,T123,Passenger,S1,S2,92,22:12,22:42,30,Fog,Green,Occupied,Yes,2,Sunday,16,High,36
2024-08-21 13:05,T124,Freight,S4,S5,46,10:07,10:19,12,Sunny,Yellow,Free,Yes,3,Friday,13,Low,14
2024-09-24 13:20,T125,Passenger,S3,S4,83,13:12,13:42,30,Fog,Red,Occupied,No,2,Tuesday,13,Low,36
2024-03-13 06:25,T126,Passenger,S1,S2,65,06:38,07:08,30,Fog,Green,Free,Yes,2,Monday,6,High,38
2024-06-14 03:05,T127,Freight,S3,S4,44,08:31,08:43,12,Sunny,Yellow,Free,Yes,3,Sunday,3,Low,13
2024-06-18 16:35,T128,Express,S1,S2,89,14:12,14:13,1,Sunny,Green,Free,Yes,1,Saturday,16,High,3
2024-02-03 05:40,T129,Freight,S4,S5,54,21:55,22:25,30,Rain,Red,Free,Yes,3,Monday,5,Low,38
2024-04-10 08:35,T130,Passenger,S2,S3,87,18:24,18:46,22,Rain,Green,Occupied,Yes,1,Monday,8,Low,26
2024-02-27 21:15,T131,Express,S3,S4,111,07:15,07:29,14,Rain,Yellow,Occupied,Yes,1,Wednesday,21,Low,18
2024-03-27 18:30,T132,Express,S4,S5,86,10:36,10:49,13,Sunny,Green,Occupied,Yes,1,Wednesday,18,Medium,18
2024-10-14 12:15,T133,Express,S3,S4,88,19:47,20:04,17,Fog,Yellow,Free,Yes,1,Wednesday,12,Low,22
2024-04-21 08:45,T134,Passenger,S3,S4,67,16:29,16:55,26,Rain,Yellow,Occupied,Yes,2,Thursday,8,Low,30
2024-09-03 04:55,T135,Passenger,S3,S4,84,21:48,21:58,10,Sunny,Green,Free,No,1,Tuesday,4,Low,10
2024-04-26 04:15,T136,Passenger,S2,S3,80,00:15,00:35,20,Rain,Green,Free,No,2,Tuesday,4,High,26
2024-07-16 00:00,T137,Passenger,S2,S3,57,02:20,02:46,26,Rain,Red,Occupied,Yes,2,Saturday,0,Medium,36
2024-08-31 19:05,T138,Passenger,S3,S4,86,10:21,10:45,24,Fog,Yellow,Occupied,No,2,Monday,19,Low,29
2024-05-13 15:50,T139,Passenger,S1,S2,75,07:17,07:38,21,Fog,Red,Free,No,2,Friday,15,Low,27
2024-10-14 07:35,T140,Passenger,S3,S4,62,12:00,12:24,24,Fog,Green,Occupied,Yes,1,Friday,7,High,32
2024-06-03 13:25,T141,Express,S1,S2,116,22:27,22:57,30,Fog,Red,Occupied,Yes,1,Thursday,13,Medium,35
2024-03-25 03:10,T142,Passenger,S3,S4,75,07:33,07:55,22,Rain,Yellow,Free,Yes,2,Friday,3,Medium,26
2024-04-12 12:45,T143,Express,S4,S5,108,07:01,07:31,30,Fog,Red,Free,Yes,1,Tuesday,12,High,37
2024-04-30 00:55,T144,Express,S3,S4,95,16:27,16:45,18,Rain,Red,Occupied,Yes,1,Friday,0,Low,22
2024-04-28 04:00,T145,Passenger,S2,S3,81,09:16,09:26,10,Sunny,Green,Free,Yes,2,Tuesday,4,Low,10
2024-05-10 12:55,T146,Freight,S4,S5,61,13:47,14:12,25,Rain,Green,Free,Yes,3,Tuesday,12,High,32
2024-02-12 18:10,T147,Freight,S3,S4,44,08:10,08:35,25,Sunny,Red,Occupied,Yes,3,Friday,18,Low,29
2024-01-28 08:40,T148,Passenger,S4,S5,73,10:27,10:53,26,Fog,Green,Occupied,No,1,Wednesday,8,High,31
2024-02-11 14:25,T149,Passenger,S4,S5,62,22:35,22:49,14,Sunny,Green,Occupied,No,1,Thursday,14,Low,15
2024-10-11 05:30,T150,Passenger,S1,S2,88,02:15,02:37,22,Rain,Yellow,Occupied,Yes,2,Sunday,5,Medium,27
2024-03-12 19:35,T151,Passenger,S1,S2,76,10:46,11:16,30,Fog,Red,Occupied,Yes,2,Monday,19,High,39
2024-09-29 06:10,T152,Express,S4,S5,90,12:49,13:06,17,Sunny,Yellow,Occupied,Yes,1,Monday,6,Low,20
2024-10-01 18:45,T153,Express,S4,S5,109,13:05,13:23,18,Rain,Red,Free,Yes,1,Thursday,18,Medium,23
2024-05-10 21:20,T154,Passenger,S4,S5,74,07:33,07:54,21,Sunny,Yellow,Free,No,2,Tuesday,21,Medium,25
2024-03-18 14:10,T155,Express,S1,S2,92,05:53,06:12,19,Sunny,Green,Occupied,Yes,1,Saturday,14,Medium,19
2024-09-04 00:00,T156,Passenger,S3,S4,61,12:07,12:26,19,Sunny,Yellow,Free,Yes,2,Thursday,0,Medium,19
2024-01-17 22:15,T157,Express,S2,S3,92,00:13,00:22,9,Sunny,Green,Free,No,1,Sunday,22,High,9
2024-07-01 00:35,T158,Express,S2,S3,113,18:15,18:28,13,Sunny,Yellow,Occupied,Yes,1,Thursday,0,Low,17
2024-03-03 16:00,T159,Passenger,S4,S5,69,13:36,13:54,18,Sunny,Green,Occupied,Yes,2,Saturday,16,Medium,19
2024-08-12 18:50,T160,Passenger,S4,S5,69,10:58,11:28,30,Rain,Red,Occupied,Yes,1,Friday,18,Medium,37
2024-07-22 03:30,T101,Express,S2,S3,95,15:19,15:29,10,Sunny,Yellow,Occupied,Yes,1,Friday,3,Low,15
2024-02-18 11:00,T102,Express,S2,S3,116,17:17,17:43,26,Fog,Red,Occupied,Yes,1,Wednesday,11,Low,35
2024-06-09 23:20,T103,Express,S1,S2,98,22:28,22:36,8,Rain,Green,Occupied,Yes,1,Wednesday,23,Low,9
2024-03-22 22:30,T104,Express,S2,S3,90,11:40,11:58,18,Rain,Green,Occupied,Yes,1,Wednesday,22,Low,18
2024-01-23 12:10,T105,Freight,S1,S2,42,13:03,13:28,25,Sunny,Green,Occupied,Yes,3,Wednesday,12,Medium,30
2024-02-29 06:40,T106,Passenger,S2,S3,80,19:50,20:11,21,Rain,Green,Free,No,2,Thursday,6,High,26
2024-08-11 17:20,T107,Passenger,S3,S4,68,16:21,16:43,22,Rain,Green,Free,No,2,Monday,17,Low,21
2024-03-03 03:00,T108,Freight,S3,S4,60,20:07,20:23,16,Sunny,Yellow,Free,Yes,3,Friday,3,Low,19
2024-08-16 18:15,T109,Passenger,S2,S3,61,11:29,11:54,25,Sunny,Yellow,Occupied,Yes,1,Wednesday,18,High,33
2024-02-21 13:35,T110,Freight,S3,S4,58,22:59,23:29,30,Fog,Yellow,Free,Yes,3,Thursday,13,Medium,33
2024-03-19 18:20,T111,Passenger,S4,S5,62,01:33,01:55,22,Sunny,Green,Occupied,Yes,2,Monday,18,High,25
2024-09-17 11:05,T112,Express,S4,S5,85,01:26,01:30,4,Sunny,Green,Free,Yes,1,Monday,11,Low,4
2024-08-07 19:50,T113,Passenger,S2,S3,75,19:26,19:45,19,Sunny,Red,Free,Yes,2,Monday,19,Medium,25
2024-05-06 20:40,T114,Passenger,S3,S4,90,02:12,02:37,25,Fog,Yellow,Occupied,No,2,Saturday,20,High,35
2024-07-22 00:25,T115,Passenger,S4,S5,92,13:11,13:22,11,Sunny,Red,Free,Yes,1,Monday,0,Low,11
2024-01-30 10:10,T116,Express,S4,S5,95,00:45,00:50,5,Sunny,Green,Free,Yes,1,Monday,10,Low,4
2024-06-19 16:30,T117,Freight,S2,S3,55,03:17,03:34,17,Sunny,Green,Free,Yes,3,Friday,16,Medium,20
2024-04-26 14:05,T118,Passenger,S2,S3,74,20:32,20:55,23,Sunny,Red,Free,No,2,Friday,14,Medium,26
2024-09-13 21:30,T119,Express,S4,S5,102,11:53,12:05,12,Rain,Yellow,Free,Yes,1,Friday,21,Medium,18
2024-09-24 22:35,T120,Passenger,S3,S4,76,08:15,08:40,25,Rain,Green,Free,No,2,Saturday,22,High,26
2024-03-24 20:50,T121,Passenger,S4,S5,80,02:34,02:58,24,Sunny,Red,Occupied,Yes,2,Friday,20,High,31
2024-02-13 22:25,T122,Express,S1,S2,102,06:05,06:32,27,Fog,Yellow,Occupied,Yes,1,Saturday,22,High,37
2024-03-16 23:45,T123,Passenger,S2,S3,90,21:43,22:10,27,Rain,Green,Free,No,1,Tuesday,23,High,34
2024-02-26 21:50,T124,Freight,S1,S2,70,01:54,02:24,30,Fog,Green,Occupied,Yes,3,Thursday,21,Medium,35
2024-08-15 00:55,T125,Passenger,S3,S4,60,07:44,07:52,8,Sunny,Green,Free,Yes,2,Friday,0,Medium,8
2024-04-20 15:15,T126,Passenger,S3,S4,71,10:53,11:14,21,Sunny,Green,Occupied,No,2,Tuesday,15,Medium,20
2024-02-11 14:00,T127,Passenger,S1,S2,63,09:39,09:58,19,Rain,Green,Occupied,Yes,1,Monday,14,Low,23
2024-04-13 10:50,T128,Passenger,S4,S5,94,21:50,22:02,12,Sunny,Yellow,Free,Yes,1,Friday,10,Medium,13
2024-01-20 18:30,T129,Express,S1,S2,88,16:41,16:57,16,Rain,Green,Occupied,No,1,Tuesday,18,Low,18
2024-07-19 06:50,T130,Express,S1,S2,112,06:50,06:59,9,Sunny,Green,Free,Yes,1,Wednesday,6,Medium,8
2024-02-12 00:50,T131,Passenger,S1,S2,86,07:44,07:59,15,Sunny,Yellow,Free,No,2,Tuesday,0,Low,15
2024-04-27 04:20,T132,Express,S3,S4,86,14:12,14:29,17,Rain,Red,Free,No,1,Friday,4,Low,20
2024-09-08 21:10,T133,Express,S3,S4,91,12:41,12:54,13,Rain,Green,Occupied,Yes,1,Monday,21,Low,14
2024-01-14 13:50,T134,Express,S4,S5,108,07:58,08:08,10,Sunny,Yellow,Free,Yes,1,Wednesday,13,High,12
2024-06-20 16:30,T135,Passenger,S4,S5,94,20:48,21:04,16,Sunny,Green,Free,Yes,2,Monday,16,Medium,20
2024-06-11 07:30,T136,Passenger,S2,S3,69,06:19,06:26,7,Sunny,Green,Free,No,1,Tuesday,7,Low,7
2024-02-06 10:30,T137,Express,S1,S2,114,14:29,14:36,7,Sunny,Green,Free,Yes,1,Friday,10,Low,7
2024-08-13 17:50,T138,Freight,S3,S4,66,02:50,03:08,18,Sunny,Green,Free,Yes,3,Friday,17,Medium,19
2024-01-09 09:20,T139,Passenger,S2,S3,89,11:50,12:20,30,Fog,Red,Occupied,No,1,Wednesday,9,Medium,40
2024-05-19 22:30,T140,Freight,S3,S4,67,06:28,06:42,14,Sunny,Yellow,Free,Yes,3,Tuesday,22,Low,17
2024-02-03 18:00,T141,Passenger,S4,S5,89,18:50,19:16,26,Sunny,Green,Occupied,No,2,Wednesday,18,High,30
2024-02-24 09:05,T142,Passenger,S3,S4,91,05:06,05:24,18,Rain,Green,Occupied,Yes,1,Thursday,9,Low,22
2024-10-07 13:30,T143,Express,S1,S2,95,05:07,05:22,15,Sunny,Green,Occupied,Yes,1,Wednesday,13,High,20
2024-01-08 04:35,T144,Express,S4,S5,102,02:52,03:13,21,Sunny,Red,Free,No,1,Tuesday,4,High,27
2024-07-02 19:55,T145,Passenger,S2,S3,81,13:29,13:48,19,Sunny,Yellow,Occupied,Yes,2,Tuesday,19,Low,20
2024-05-04 11:05,T146,Freight,S4,S5,64,03:32,03:56,24,Rain,Green,Free,Yes,3,Friday,11,Medium,29
2024-02-09 04:25,T147,Express,S3,S4,92,21:47,21:55,8,Sunny,Green,Free,Yes,1,Saturday,4,Medium,6
2024-09-04 23:30,T148,Passenger,S2,S3,73,05:04,05:20,16,Rain,Green,Free,Yes,1,Monday,23,Medium,17
2024-07-25 07:25,T149,Passenger,S1,S2,79,07:12,07:22,10,Sunny,Green,Occupied,Yes,1,Sunday,7,Medium,12
2024-04-14 13:05,T150,Express,S2,S3,98,07:13,07:13,0,Sunny,Green,Free,Yes,1,Friday,13,Low,0
2024-01-07 06:30,T151,Passenger,S3,S4,57,09:49,10:16,27,Rain,Red,Free,Yes,2,Monday,6,High,32
2024-01-19 19:45,T152,Freight,S4,S5,42,14:24,14:38,14,Sunny,Yellow,Free,No,3,Wednesday,19,Low,13
2024-06-04 12:15,T153,Express,S4,S5,103,20:02,20:15,13,Sunny,Yellow,Occupied,Yes,1,Tuesday,12,High,18
2024-04-13 22:55,T154,Express,S1,S2,100,07:38,07:53,15,Fog,Yellow,Free,Yes,1,Sunday,22,Low,16
2024-03-21 13:55,T155,Passenger,S2,S3,70,14:19,14:31,12,Sunny,Green,Free,Yes,2,Friday,13,Medium,12
2024-05-12 16:45,T156,Passenger,S2,S3,85,23:27,23:57,30,Rain,Red,Occupied,Yes,2,Thursday,16,High,39
2024-05-19 22:35,T157,Passenger,S4,S5,59,06:09,06:39,30,Fog,Green,Occupied,No,2,Wednesday,22,Medium,36
2024-06-15 06:30,T158,Freight,S1,S2,52,08:49,09:17,28,Fog,Yellow,Free,Yes,3,Friday,6,Medium,32
2024-01-17 18:50,T159,Passenger,S2,S3,71,05:00,05:21,21,Sunny,Green,Occupied,Yes,2,Tuesday,18,High,27
2024-03-15 12:45,T160,Express,S3,S4,117,09:46,10:03,17,Sunny,Red,Occupied,Yes,1,Friday,12,Medium,19
2024-03-11 09:55,T101,Express,S4,S5,118,13:10,13:15,5,Sunny,Green,Free,Yes,1,Thursday,9,Medium,5
2024-04-28 14:50,T102,Freight,S2,S3,48,19:06,19:26,20,Fog,Green,Free,Yes,3,Sunday,14,Low,21
2024-08-04 16:00,T103,Express,S1,S2,87,12:38,13:00,22,Sunny,Red,Free,Yes,1,Monday,16,High,26
2024-04-12 00:35,T104,Passenger,S3,S4,76,22:25,22:47,22,Rain,Red,Free,Yes,2,Sunday,0,Low,28
2024-01-30 00:50,T105,Passenger,S1,S2,95,11:55,12:13,18,Sunny,Red,Free,Yes,2,Sunday,0,Medium,23
2024-08-20 18:55,T106,Express,S2,S3,94,16:02,16:18,16,Sunny,Yellow,Free,Yes,1,Sunday,18,Medium,17
2024-05-12 00:10,T107,Express,S1,S2,91,10:57,11:09,12,Sunny,Green,Occupied,Yes,1,Thursday,0,High,19
2024-03-27 22:55,T108,Freight,S1,S2,60,23:46,00:07,21,Sunny,Yellow,Free,No,3,Wednesday,22,High,23
2024-10-17 23:00,T109,Passenger,S2,S3,75,09:03,09:22,19,Rain,Green,Free,Yes,2,Thursday,23,High,25
2024-03-06 09:15,T110,Freight,S3,S4,44,15:43,16:03,20,Sunny,Yellow,Free,Yes,3,Sunday,9,High,25
2024-02-11 04:55,T111,Passenger,S4,S5,58,06:54,07:24,30,Rain,Red,Occupied,Yes,2,Sunday,4,Low,36
2024-04-10 12:05,T112,Passenger,S4,S5,77,16:46,16:56,10,Sunny,Yellow,Free,No,2,Sunday,12,Low,10
2024-08-02 06:55,T113,Passenger,S4,S5,73,06:47,07:16,29,Rain,Green,Occupied,Yes,2,Tuesday,6,High,33
2024-02-16 18:30,T114,Freight,S1,S2,56,04:40,04:59,19,Rain,Green,Free,Yes,3,Saturday,18,Low,23
2024-05-02 03:05,T115,Passenger,S4,S5,78,03:31,03:55,24,Rain,Red,Free,Yes,2,Monday,3,Medium,27
2024-04-27 00:30,T116,Express,S2,S3,110,17:52,18:03,11,Sunny,Red,Free,Yes,1,Sunday,0,Medium,17
2024-05-11 18:15,T117,Passenger,S3,S4,62,20:10,20:21,11,Sunny,Green,Occupied,Yes,1,Monday,18,Low,11
2024-06-04 04:45,T118,Freight,S3,S4,61,15:44,16:08,24,Sunny,Red,Occupied,Yes,3,Friday,4,Medium,31
2024-05-26 19:30,T119,Passenger,S3,S4,72,02:35,02:54,19,Sunny,Green,Occupied,Yes,1,Tuesday,19,Low,18
2024-03-02 06:55,T120,Passenger,S3,S4,95,11:36,12:05,29,Rain,Red,Free,Yes,1,Saturday,6,High,36
2024-03-12 10:20,T121,Passenger,S3,S4,95,04:55,05:13,18,Rain,Green,Free,No,1,Monday,10,High,25
2024-01-19 01:10,T122,Freight,S3,S4,59,10:48,11:16,28,Sunny,Green,Occupied,No,3,Monday,1,Medium,32
2024-02-24 11:55,T123,Passenger,S3,S4,58,07:43,08:04,21,Rain,Yellow,Free,No,2,Saturday,11,Medium,22
2024-10-16 01:05,T124,Express,S2,S3,90,23:18,23:41,23,Rain,Green,Occupied,No,1,Tuesday,1,Medium,25
2024-03-28 05:50,T125,Freight,S1,S2,59,16:57,17:27,30,Sunny,Green,Occupied,Yes,3,Thursday,5,High,36
2024-07-13 09:20,T126,Freight,S1,S2,49,06:00,06:23,23,Rain,Yellow,Free,Yes,3,Wednesday,9,High,30
2024-03-04 00:05,T127,Express,S3,S4,96,13:31,13:51,20,Sunny,Yellow,Occupied,Yes,1,Thursday,0,High,25
2024-03-13 14:10,T128,Freight,S3,S4,43,04:22,04:48,26,Rain,Green,Occupied,No,3,Thursday,14,Low,30
2024-07-19 17:35,T129,Freight,S3,S4,43,21:45,22:05,20,Sunny,Yellow,Occupied,Yes,3,Thursday,17,Medium,21
2024-06-04 00:30,T130,Passenger,S3,S4,82,15:18,15:24,6,Sunny,Green,Free,Yes,2,Friday,0,Low,6
2024-05-19 06:35,T131,Freight,S2,S3,61,22:50,23:17,27,Fog,Yellow,Free,Yes,3,Sunday,6,High,31
2024-04-27 16:20,T132,Passenger,S1,S2,58,22:40,22:54,14,Fog,Green,Free,Yes,2,Thursday,16,Low,16
2024-07-05 01:00,T133,Passenger,S2,S3,75,01:42,01:57,15,Rain,Green,Free,No,1,Monday,1,Low,14
2024-06-08 11:55,T134,Passenger,S2,S3,76,18:33,18:39,6,Rain,Green,Free,Yes,1,Wednesday,11,Low,6
2024-07-04 06:40,T135,Express,S3,S4,104,23:09,23:20,11,Sunny,Green,Free,Yes,1,Saturday,6,High,15
2024-10-07 22:10,T136,Passenger,S1,S2,65,09:02,09:27,25,Fog,Green,Occupied,Yes,2,Friday,22,Medium,30
2024-04-23 00:40,T137,Express,S2,S3,98,14:32,14:41,9,Rain,Yellow,Free,Yes,1,Friday,0,Medium,10
2024-08-03 17:05,T138,Express,S1,S2,100,00:41,00:51,10,Sunny,Yellow,Free,Yes,1,Sunday,17,Medium,9
2024-04-04 00:40,T139,Passenger,S3,S4,66,21:55,22:16,21,Rain,Yellow,Free,No,2,Wednesday,0,Medium,25
2024-01-24 15:05,T140,Passenger,S4,S5,78,15:11,15:24,13,Sunny,Red,Free,Yes,2,Tuesday,15,Low,14
2024-03-14 13:15,T141,Freight,S2,S3,42,14:58,15:28,30,Rain,Green,Occupied,Yes,3,Tuesday,13,High,35
2024-03-02 20:45,T142,Express,S1,S2,102,00:50,01:06,16,Fog,Red,Free,No,1,Tuesday,20,Low,18
2024-01-22 01:05,T143,Express,S3,S4,119,17:18,17:26,8,Sunny,Red,Free,Yes,1,Monday,1,Low,8
2024-08-30 03:35,T144,Freight,S4,S5,61,05:07,05:27,20,Sunny,Red,Free,Yes,3,Saturday,3,Low,23
2024-01-15 21:50,T145,Passenger,S2,S3,82,09:39,09:58,19,Fog,Green,Free,No,2,Tuesday,21,High,25
2024-10-18 13:55,T146,Passenger,S4,S5,59,08:09,08:31,22,Sunny,Red,Free,Yes,2,Monday,13,Medium,27
2024-07-23 17:40,T147,Passenger,S4,S5,89,07:24,07:32,8,Sunny,Yellow,Free,No,2,Friday,17,Low,6
2024-03-02 11:25,T148,Passenger,S4,S5,63,04:18,04:30,12,Sunny,Red,Free,No,2,Monday,11,Low,14
2024-02-25 22:05,T149,Passenger,S1,S2,82,21:37,21:55,18,Sunny,Red,Occupied,Yes,2,Wednesday,22,Low,22
2024-05-19 10:35,T150,Passenger,S3,S4,85,20:44,20:48,4,Sunny,Green,Free,Yes,2,Thursday,10,Low,5
2024-09-06 08:45,T151,Freight,S4,S5,57,16:19,16:43,24,Rain,Green,Free,No,3,Saturday,8,Medium,28
2024-02-25 11:50,T152,Passenger,S4,S5,79,13:12,13:21,9,Sunny,Green,Free,No,2,Tuesday,11,Low,7
2024-09-21 06:50,T153,Express,S1,S2,104,01:15,01:31,16,Sunny,Red,Free,Yes,1,Tuesday,6,High,20
2024-03-05 04:55,T154,Passenger,S3,S4,80,21:06,21:26,20,Sunny,Red,Free,Yes,2,Saturday,4,Low,21
2024-04-05 22:15,T155,Express,S4,S5,90,06:51,07:14,23,Rain,Green,Occupied,No,1,Saturday,22,Medium,26
2024-10-07 20:35,T156,Freight,S1,S2,70,03:51,04:15,24,Sunny,Yellow,Free,No,3,Tuesday,20,High,27
2024-07-02 22:35,T157,Passenger,S3,S4,60,08:30,09:00,30,Fog,Yellow,Free,No,2,Monday,22,High,37
2024-04-08 13:40,T158,Passenger,S3,S4,78,14:16,14:46,30,Fog,Red,Free,No,1,Monday,13,High,37
2024-06-28 20:40,T159,Freight,S1,S2,51,14:06,14:36,30,Sunny,Yellow,Occupied,No,3,Thursday,20,High,35
2024-03-12 15:10,T160,Express,S1,S2,119,20:13,20:26,13,Sunny,Green,Free,Yes,1,Tuesday,15,High,12
2024-02-20 05:05,T101,Freight,S4,S5,48,04:04,04:26,22,Sunny,Green,Occupied,Yes,3,Wednesday,5,Medium,26
2024-07-05 17:55,T102,Express,S3,S4,111,05:44,05:55,11,Sunny,Red,Free,No,1,Thursday,17,Medium,15
2024-04-26 08:40,T103,Freight,S1,S2,65,23:00,23:30,30,Fog,Red,Occupied,Yes,3,Saturday,8,Medium,38
2024-03-13 00:20,T104,Freight,S1,S2,51,09:32,10:02,30,Fog,Green,Free,No,3,Sunday,0,Medium,35
2024-03-31 09:50,T105,Express,S2,S3,119,22:43,22:54,11,Sunny,Green,Free,No,1,Thursday,9,High,15
2024-08-03 18:00,T106,Passenger,S1,S2,95,21:18,21:45,27,Fog,Green,Occupied,Yes,1,Thursday,18,High,34
2024-01-25 13:50,T107,Express,S3,S4,104,07:00,07:17,17,Fog,Green,Free,Yes,1,Sunday,13,Low,21
2024-04-12 01:45,T108,Freight,S2,S3,59,13:08,13:32,24,Fog,Green,Occupied,Yes,3,Saturday,1,Low,30
2024-07-27 02:05,T109,Freight,S2,S3,70,00:27,00:44,17,Sunny,Yellow,Free,Yes,3,Wednesday,2,Medium,19
2024-09-05 07:55,T110,Passenger,S2,S3,74,12:49,12:59,10,Sunny,Green,Free,Yes,1,Tuesday,7,High,10
2024-03-20 15:25,T111,Express,S3,S4,96,06:25,06:37,12,Sunny,Yellow,Free,Yes,1,Monday,15,Medium,10
2024-02-25 15:45,T112,Freight,S1,S2,43,19:34,19:47,13,Sunny,Yellow,Free,Yes,3,Wednesday,15,Medium,14
2024-07-12 06:05,T113,Express,S2,S3,102,11:45,12:03,18,Rain,Green,Occupied,Yes,1,Wednesday,6,Medium,21
2024-05-13 19:55,T114,Freight,S4,S5,53,08:52,09:03,11,Sunny,Green,Free,Yes,3,Thursday,19,Low,13
2024-09-03 20:40,T115,Express,S4,S5,103,11:25,11:27,2,Sunny,Green,Free,No,1,Friday,20,Low,2
2024-02-06 06:35,T116,Express,S3,S4,85,18:50,18:56,6,Sunny,Green,Free,Yes,1,Saturday,6,Low,7
2024-05-11 21:30,T117,Freight,S1,S2,58,10:52,11:17,25,Sunny,Green,Occupied,Yes,3,Saturday,21,High,30
2024-07-21 18:00,T118,Passenger,S3,S4,56,14:18,14:28,10,Sunny,Red,Free,Yes,2,Saturday,18,Low,12
2024-02-24 12:05,T119,Passenger,S3,S4,75,17:49,18:01,12,Sunny,Yellow,Free,Yes,2,Sunday,12,High,12
2024-06-23 02:15,T120,Express,S3,S4,112,23:57,00:14,17,Fog,Red,Free,Yes,1,Tuesday,2,Medium,21
2024-05-02 04:25,T121,Passenger,S2,S3,92,04:48,05:18,30,Rain,Red,Occupied,Yes,2,Thursday,4,Medium,36
2024-09-28 07:50,T122,Express,S3,S4,90,20:47,21:07,20,Fog,Yellow,Free,Yes,1,Wednesday,7,Low,24
2024-05-05 14:50,T123,Freight,S3,S4,64,04:54,05:21,27,Sunny,Red,Free,Yes,3,Wednesday,14,High,35
2024-06-11 03:15,T124,Passenger,S2,S3,84,00:57,01:02,5,Sunny,Green,Free,Yes,2,Monday,3,Low,6
2024-08-08 10:00,T125,Express,S4,S5,117,14:17,14:26,9,Sunny,Green,Free,No,1,Thursday,10,Low,10
2024-02-21 20:15,T126,Passenger,S4,S5,61,03:14,03:33,19,Sunny,Red,Free,Yes,2,Saturday,20,Low,19
2024-06-24 06:25,T127,Passenger,S3,S4,86,20:18,20:36,18,Rain,Green,Free,Yes,2,Tuesday,6,Medium,19
2024-03-23 15:30,T128,Express,S4,S5,94,10:01,10:20,19,Sunny,Green,Free,Yes,1,Monday,15,High,24
2024-08-21 16:40,T129,Express,S1,S2,103,05:48,06:00,12,Sunny,Green,Free,No,1,Sunday,16,Medium,14
2024-03-20 19:35,T130,Express,S3,S4,118,03:17,03:33,16,Rain,Yellow,Free,No,1,Sunday,19,High,21
2024-09-14 14:40,T131,Passenger,S3,S4,95,05:16,05:30,14,Fog,Green,Free,Yes,2,Saturday,14,Low,17
2024-06-14 18:25,T132,Freight,S1,S2,53,09:07,09:34,27,Fog,Green,Occupied,Yes,3,Sunday,18,Low,32
2024-07-19 09:00,T133,Express,S3,S4,92,13:22,13:25,3,Rain,Green,Free,Yes,1,Monday,9,Low,5
2024-07-03 11:15,T134,Freight,S3,S4,47,21:40,22:10,30,Sunny,Green,Occupied,No,3,Monday,11,High,37
2024-10-07 20:35,T135,Express,S3,S4,90,17:11,17:27,16,Sunny,Red,Free,Yes,1,Wednesday,20,Medium,20
2024-06-22 04:45,T136,Passenger,S1,S2,81,09:50,10:03,13,Sunny,Yellow,Free,Yes,2,Monday,4,Low,12
2024-02-26 08:50,T137,Passenger,S4,S5,58,03:21,03:41,20,Rain,Red,Free,Yes,2,Monday,8,Low,25
2024-01-19 23:00,T138,Express,S2,S3,104,15:39,15:42,3,Rain,Green,Free,Yes,1,Saturday,23,Low,7
2024-04-24 15:10,T139,Passenger,S1,S2,62,07:53,08:03,10,Fog,Green,Free,Yes,2,Wednesday,15,Low,11
2024-10-23 09:50,T140,Express,S2,S3,115,03:37,03:45,8,Sunny,Yellow,Free,Yes,1,Thursday,9,Low,6
2024-02-04 20:50,T141,Passenger,S1,S2,92,21:39,21:55,16,Sunny,Red,Free,Yes,2,Wednesday,20,Medium,20
2024-06-27 20:10,T142,Freight,S4,S5,56,11:41,12:10,29,Rain,Green,Occupied,No,3,Monday,20,Low,33
2024-09-06 12:05,T143,Passenger,S3,S4,92,01:01,01:17,16,Fog,Green,Free,Yes,2,Friday,12,Medium,22
2024-04-27 01:55,T144,Freight,S1,S2,59,02:28,02:58,30,Rain,Yellow,Occupied,No,3,Wednesday,1,Low,35
2024-08-29 06:05,T145,Express,S2,S3,112,18:01,18:22,21,Rain,Yellow,Free,No,1,Sunday,6,High,28
2024-05-17 20:30,T146,Passenger,S2,S3,59,02:36,02:47,11,Sunny,Yellow,Free,Yes,1,Thursday,20,Medium,11
2024-03-17 17:45,T147,Freight,S2,S3,70,07:54,08:09,15,Sunny,Yellow,Free,Yes,3,Wednesday,17,Medium,18
2024-09-17 23:25,T148,Express,S1,S2,93,21:58,22:21,23,Fog,Green,Free,No,1,Tuesday,23,High,25
2024-03-06 11:30,T149,Express,S4,S5,117,15:19,15:45,26,Rain,Red,Free,No,1,Tuesday,11,Low,29
2024-05-21 03:35,T150,Passenger,S4,S5,82,03:57,04:13,16,Rain,Red,Free,Yes,2,Friday,3,Low,23
2024-02-28 02:00,T151,Passenger,S1,S2,70,04:28,04:33,5,Sunny,Green,Free,Yes,1,Sunday,2,Low,3
2024-06-01 11:15,T152,Express,S2,S3,116,14:45,14:51,6,Sunny,Green,Free,No,1,Saturday,11,Low,6
2024-07-27 04:40,T153,Passenger,S4,S5,72,07:19,07:49,30,Rain,Green,Free,No,1,Monday,4,High,33
2024-10-12 19:30,T154,Passenger,S3,S4,60,15:01,15:12,11,Fog,Green,Free,Yes,1,Monday,19,Medium,15
2024-02-19 23:45,T155,Freight,S2,S3,64,13:55,14:23,28,Sunny,Yellow,Occupied,Yes,3,Monday,23,Low,32
2024-05-15 00:20,T156,Freight,S4,S5,63,21:17,21:31,14,Sunny,Green,Free,Yes,3,Tuesday,0,Low,17
2024-09-27 05:35,T157,Express,S3,S4,105,14:01,14:16,15,Sunny,Green,Occupied,Yes,1,Sunday,5,High,18
2024-10-16 15:10,T158,Passenger,S3,S4,72,07:40,08:03,23,Sunny,Red,Occupied,Yes,2,Wednesday,15,Low,25
2024-04-04 11:40,T159,Freight,S3,S4,48,22:02,22:24,22,Rain,Green,Free,Yes,3,Monday,11,Medium,25
2024-01-19 20:25,T160,Express,S3,S4,106,15:18,15:30,12,Rain,Green,Free,No,1,Thursday,20,High,17
2024-10-05 16:45,T101,Passenger,S1,S2,59,20:35,21:02,27,Rain,Yellow,Free,No,2,Tuesday,16,Medium,30
2024-09-03 14:55,T102,Express,S3,S4,92,13:23,13:37,14,Sunny,Yellow,Free,Yes,1,Saturday,14,Medium,16
2024-01-22 03:05,T103,Passenger,S3,S4,73,13:26,13:35,9,Sunny,Green,Free,No,1,Wednesday,3,Low,10
2024-10-17 01:30,T104,Express,S4,S5,91,00:44,00:48,4,Sunny,Green,Free,Yes,1,Tuesday,1,Low,5
2024-01-19 10:45,T105,Express,S3,S4,92,19:39,20:00,21,Sunny,Yellow,Free,No,1,Wednesday,10,High,23
2024-06-13 12:25,T106,Freight,S3,S4,61,14:11,14:35,24,Sunny,Yellow,Occupied,Yes,3,Saturday,12,Low,27
2024-01-04 23:15,T107,Freight,S1,S2,66,13:33,13:56,23,Sunny,Red,Free,Yes,3,Saturday,23,Low,25
2024-04-18 07:50,T108,Freight,S3,S4,59,08:09,08:22,13,Sunny,Yellow,Free,Yes,3,Sunday,7,Medium,18
2024-09-07 14:20,T109,Passenger,S4,S5,88,03:45,04:13,28,Rain,Red,Free,Yes,1,Tuesday,14,High,34
2024-02-15 23:40,T110,Express,S3,S4,102,21:49,22:02,13,Sunny,Yellow,Occupied,Yes,1,Thursday,23,Low,12
2024-07-15 05:55,T111,Passenger,S3,S4,85,15:18,15:30,12,Sunny,Yellow,Free,Yes,2,Tuesday,5,Low,15
2024-04-14 08:45,T112,Express,S2,S3,87,12:40,12:50,10,Rain,Yellow,Free,Yes,1,Thursday,8,Low,14
2024-03-27 09:30,T113,Passenger,S1,S2,69,14:20,14:33,13,Sunny,Green,Free,No,2,Monday,9,Low,14
2024-10-01 16:15,T114,Passenger,S2,S3,56,13:03,13:23,20,Rain,Green,Occupied,Yes,2,Wednesday,16,Medium,25
2024-07-17 20:05,T115,Passenger,S2,S3,89,19:39,19:54,15,Sunny,Yellow,Free,No,2,Tuesday,20,Low,14
2024-06-09 17:30,T116,Passenger,S3,S4,89,22:14,22:16,2,Sunny,Green,Free,Yes,2,Tuesday,17,Low,0
2024-07-29 15:00,T117,Freight,S1,S2,56,05:18,05:35,17,Sunny,Green,Occupied,Yes,3,Thursday,15,Low,17
2024-06-09 17:45,T118,Express,S4,S5,86,04:06,04:17,11,Rain,Yellow,Free,Yes,1,Monday,17,Low,13
2024-05-19 02:15,T119,Freight,S4,S5,52,13:35,14:01,26,Sunny,Green,Occupied,Yes,3,Wednesday,2,Low,30
2024-08-25 14:25,T120,Express,S1,S2,110,15:36,15:39,3,Sunny,Green,Free,Yes,1,Sunday,14,Low,1
2024-09-16 18:15,T121,Express,S4,S5,118,01:49,02:03,14,Sunny,Green,Occupied,No,1,Saturday,18,Low,15
2024-05-05 15:40,T122,Freight,S2,S3,50,17:54,18:15,21,Rain,Yellow,Occupied,Yes,3,Thursday,15,Low,25
2024-10-22 17:30,T123,Passenger,S4,S5,63,12:00,12:14,14,Sunny,Green,Free,No,2,Saturday,17,Medium,17
2024-09-14 15:35,T124,Freight,S3,S4,56,06:59,07:24,25,Sunny,Yellow,Occupied,No,3,Friday,15,Low,27
2024-06-18 10:05,T125,Passenger,S2,S3,61,01:39,01:49,10,Sunny,Green,Free,Yes,1,Friday,10,Medium,11
2024-09-11 20:50,T126,Passenger,S4,S5,71,06:04,06:21,17,Rain,Green,Free,Yes,2,Friday,20,Low,21
2024-01-03 07:15,T127,Express,S4,S5,98,02:59,03:10,11,Fog,Green,Free,No,1,Tuesday,7,Low,13
2024-04-12 12:30,T128,Express,S1,S2,100,22:30,22:44,14,Sunny,Red,Free,Yes,1,Friday,12,Medium,17
2024-01-26 11:35,T129,Passenger,S4,S5,77,21:22,21:36,14,Rain,Green,Free,No,2,Tuesday,11,Low,16
2024-02-06 03:25,T130,Passenger,S1,S2,92,08:32,08:52,20,Fog,Yellow,Free,Yes,2,Wednesday,3,Low,24
2024-07-03 23:50,T131,Freight,S4,S5,55,17:51,18:06,15,Sunny,Green,Free,No,3,Tuesday,23,Medium,15
2024-01-29 23:00,T132,Express,S3,S4,97,10:53,11:23,30,Rain,Red,Occupied,Yes,1,Saturday,23,High,34
2024-07-22 22:40,T133,Express,S1,S2,102,13:11,13:30,19,Rain,Red,Occupied,Yes,1,Friday,22,Medium,22
2024-01-11 06:50,T134,Passenger,S1,S2,65,11:29,11:49,20,Sunny,Yellow,Free,No,2,Sunday,6,High,23
2024-09-12 06:20,T135,Express,S3,S4,111,06:11,06:23,12,Fog,Green,Free,Yes,1,Tuesday,6,Low,11
2024-03-02 21:20,T136,Passenger,S2,S3,82,06:21,06:48,27,Rain,Yellow,Occupied,No,1,Wednesday,21,High,34
2024-04-17 20:25,T137,Passenger,S1,S2,75,00:10,00:23,13,Sunny,Green,Free,Yes,2,Saturday,20,Low,12
2024-06-16 18:45,T138,Freight,S4,S5,65,22:27,22:57,30,Rain,Green,Free,No,3,Friday,18,Medium,35
2024-06-16 16:10,T139,Freight,S4,S5,58,09:56,10:17,21,Rain,Yellow,Free,No,3,Monday,16,Medium,27
2024-01-09 09:05,T140,Express,S2,S3,97,05:15,05:31,16,Fog,Green,Occupied,Yes,1,Tuesday,9,Medium,23
2024-02-08 03:30,T141,Passenger,S4,S5,70,04:20,04:49,29,Rain,Green,Occupied,No,2,Sunday,3,Medium,35
2024-02-18 16:00,T142,Express,S2,S3,108,19:38,19:55,17,Rain,Red,Free,Yes,1,Wednesday,16,Low,23
2024-08-28 15:00,T143,Express,S3,S4,109,08:26,08:33,7,Sunny,Green,Free,Yes,1,Saturday,15,High,7
2024-07-16 20:50,T144,Passenger,S4,S5,84,12:27,12:56,29,Rain,Green,Free,Yes,2,Monday,20,High,37
2024-05-14 17:30,T145,Freight,S1,S2,65,21:05,21:27,22,Sunny,Green,Occupied,Yes,3,Tuesday,17,Low,22
2024-01-11 19:50,T146,Freight,S4,S5,51,11:16,11:38,22,Sunny,Yellow,Occupied,Yes,3,Monday,19,Low,27
2024-04-15 07:10,T147,Express,S1,S2,119,02:34,02:39,5,Sunny,Yellow,Free,Yes,1,Saturday,7,Low,5
2024-05-22 02:25,T148,Express,S1,S2,109,20:47,20:56,9,Sunny,Green,Free,No,1,Friday,2,Medium,11
2024-10-14 15:15,T149,Passenger,S2,S3,58,13:17,13:41,24,Rain,Yellow,Free,Yes,2,Wednesday,15,High,28
2024-08-14 07:00,T150,Express,S4,S5,105,22:20,22:41,21,Sunny,Yellow,Occupied,Yes,1,Monday,7,Medium,23
2024-06-09 15:15,T151,Freight,S2,S3,54,17:44,17:58,14,Sunny,Green,Free,Yes,3,Sunday,15,Medium,16
2024-06-27 00:10,T152,Express,S3,S4,113,19:37,19:43,6,Sunny,Green,Free,No,1,Saturday,0,Low,7
2024-08-11 06:05,T153,Express,S1,S2,91,18:18,18:35,17,Sunny,Green,Occupied,No,1,Thursday,6,Medium,20
2024-04-23 15:35,T154,Passenger,S4,S5,69,09:52,10:22,30,Fog,Green,Occupied,Yes,1,Sunday,15,High,39
2024-01-25 19:40,T155,Express,S1,S2,99,02:38,02:54,16,Rain,Green,Free,Yes,1,Tuesday,19,Low,18
2024-03-18 23:15,T156,Passenger,S2,S3,65,05:30,06:00,30,Fog,Red,Free,Yes,2,Thursday,23,Low,33
2024-09-14 10:10,T157,Freight,S1,S2,65,07:29,07:59,30,Rain,Green,Occupied,Yes,3,Friday,10,Medium,36
2024-04-17 23:00,T158,Freight,S1,S2,49,11:25,11:42,17,Rain,Yellow,Free,Yes,3,Sunday,23,Low,20
2024-04-09 10:50,T159,Freight,S4,S5,46,22:04,22:34,30,Sunny,Yellow,Occupied,No,3,Wednesday,10,Low,34
2024-03-12 22:20,T160,Express,S2,S3,108,09:45,09:49,4,Sunny,Yellow,Free,Yes,1,Friday,22,Low,2
2024-01-13 08:25,T101,Freight,S3,S4,44,23:32,00:02,30,Rain,Red,Free,Yes,3,Friday,8,Low,35
2024-01-19 12:00,T102,Freight,S4,S5,45,21:04,21:24,20,Sunny,Green,Free,Yes,3,Thursday,12,High,25
2024-02-03 12:50,T103,Freight,S2,S3,51,03:21,03:43,22,Sunny,Green,Occupied,No,3,Saturday,12,Medium,24
2024-01-24 08:40,T104,Passenger,S4,S5,66,08:05,08:28,23,Rain,Yellow,Occupied,No,1,Monday,8,Low,26
2024-04-29 14:05,T105,Freight,S1,S2,46,15:12,15:29,17,Sunny,Yellow,Free,Yes,3,Thursday,14,Low,18
2024-02-16 05:25,T106,Express,S4,S5,102,16:30,16:49,19,Sunny,Red,Free,No,1,Thursday,5,Low,21
2024-07-02 02:30,T107,Express,S4,S5,116,21:19,21:35,16,Sunny,Red,Free,Yes,1,Tuesday,2,High,22
2024-10-11 21:10,T108,Passenger,S3,S4,94,10:10,10:23,13,Sunny,Green,Free,Yes,2,Tuesday,21,Low,14
2024-07-02 09:25,T109,Freight,S3,S4,47,04:19,04:42,23,Sunny,Green,Occupied,Yes,3,Wednesday,9,Medium,28
2024-07-26 06:50,T110,Freight,S1,S2,66,22:16,22:32,16,Sunny,Green,Free,No,3,Saturday,6,Low,14
2024-01-08 15:00,T111,Express,S3,S4,115,21:24,21:39,15,Rain,Red,Free,Yes,1,Saturday,15,Medium,18
2024-05-30 13:10,T112,Passenger,S1,S2,75,04:37,04:52,15,Sunny,Green,Free,Yes,2,Sunday,13,High,15
2024-03-10 14:55,T113,Freight,S3,S4,70,06:11,06:31,20,Sunny,Green,Free,Yes,3,Sunday,14,High,24
2024-08-29 01:40,T114,Passenger,S4,S5,58,11:01,11:31,30,Rain,Red,Occupied,No,2,Sunday,1,Medium,37
2024-01-25 20:15,T115,Freight,S1,S2,58,02:49,03:19,30,Rain,Red,Free,No,3,Thursday,20,High,39
2024-09-05 12:00,T116,Passenger,S3,S4,55,00:14,00:34,20,Sunny,Green,Occupied,Yes,2,Friday,12,Medium,21
2024-09-03 19:00,T117,Express,S2,S3,91,04:34,04:47,13,Sunny,Green,Occupied,No,1,Monday,19,Medium,14
2024-03-11 12:00,T118,Freight,S4,S5,43,14:55,15:12,17,Rain,Yellow,Free,Yes,3,Sunday,12,Low,20
2024-06-07 19:25,T119,Freight,S1,S2,70,23:20,23:32,12,Sunny,Green,Free,Yes,3,Thursday,19,Medium,16
2024-03-09 09:05,T120,Freight,S1,S2,51,13:54,14:24,30,Rain,Green,Occupied,Yes,3,Wednesday,9,High,35
2024-02-09 01:45,T121,Passenger,S2,S3,85,06:55,07:11,16,Rain,Green,Free,No,2,Sunday,1,Low,16
2024-02-10 11:20,T122,Express,S2,S3,104,19:20,19:30,10,Sunny,Green,Free,Yes,1,Thursday,11,Medium,10
2024-05-09 02:05,T123,Express,S3,S4,99,15:29,15:49,20,Fog,Red,Free,Yes,1,Monday,2,Medium,28
2024-08-15 04:10,T124,Passenger,S2,S3,63,07:42,07:50,8,Sunny,Green,Free,No,1,Tuesday,4,Low,10
2024-05-12 11:50,T125,Passenger,S3,S4,63,04:37,05:06,29,Rain,Red,Occupied,No,2,Wednesday,11,High,38
2024-10-17 18:30,T126,Passenger,S3,S4,67,14:13,14:28,15,Sunny,Green,Free,No,2,Saturday,18,Medium,17
2024-03-25 10:40,T127,Freight,S4,S5,61,08:04,08:24,20,Rain,Green,Free,Yes,3,Monday,10,Low,22
2024-03-30 16:10,T128,Express,S4,S5,120,12:52,13:15,23,Fog,Red,Free,No,1,Monday,16,Low,31
2024-03-24 05:05,T129,Passenger,S2,S3,88,21:10,21:37,27,Rain,Red,Free,No,2,Tuesday,5,Medium,34
2024-03-17 08:55,T130,Passenger,S2,S3,74,17:42,17:57,15,Sunny,Red,Free,No,1,Monday,8,Medium,21
2024-08-19 08:10,T131,Passenger,S2,S3,77,12:07,12:27,20,Rain,Yellow,Occupied,Yes,1,Monday,8,Low,25
2024-05-07 17:55,T132,Express,S4,S5,104,19:29,19:52,23,Sunny,Red,Occupied,No,1,Sunday,17,High,29
2024-10-12 11:15,T133,Passenger,S1,S2,93,21:31,22:00,29,Fog,Red,Free,Yes,2,Friday,11,Low,34
2024-05-10 15:15,T134,Freight,S1,S2,40,18:31,19:01,30,Sunny,Green,Free,No,3,Monday,15,High,36
2024-04-30 07:25,T135,Freight,S1,S2,58,18:43,19:13,30,Rain,Yellow,Occupied,No,3,Monday,7,Low,33
2024-06-16 08:25,T136,Express,S4,S5,86,21:22,21:34,12,Sunny,Red,Free,No,1,Saturday,8,Low,15
2024-09-08 23:15,T137,Freight,S3,S4,51,10:53,11:17,24,Sunny,Red,Free,Yes,3,Friday,23,Medium,29
2024-04-24 06:45,T138,Freight,S2,S3,50,09:58,10:07,9,Sunny,Yellow,Free,Yes,3,Monday,6,Low,12
2024-04-16 04:30,T139,Express,S3,S4,119,03:54,04:21,27,Fog,Red,Occupied,Yes,1,Wednesday,4,Medium,32
2024-05-30 20:15,T140,Freight,S2,S3,47,04:00,04:30,30,Sunny,Red,Occupied,Yes,3,Tuesday,20,Medium,38
2024-03-06 02:55,T141,Passenger,S2,S3,75,04:20,04:50,30,Fog,Red,Free,Yes,1,Friday,2,High,39
2024-07-28 18:30,T142,Freight,S4,S5,59,02:10,02:32,22,Sunny,Green,Occupied,No,3,Thursday,18,Medium,27
2024-03-18 14:20,T143,Passenger,S2,S3,80,17:44,17:59,15,Rain,Green,Free,No,2,Tuesday,14,Low,19
2024-05-03 23:10,T144,Express,S1,S2,89,23:12,23:24,12,Sunny,Yellow,Occupied,Yes,1,Friday,23,Low,15
2024-02-21 05:05,T145,Passenger,S4,S5,63,09:22,09:31,9,Sunny,Green,Free,Yes,1,Sunday,5,Low,10
2024-03-03 17:00,T146,Freight,S3,S4,40,21:23,21:38,15,Sunny,Green,Occupied,Yes,3,Friday,17,Low,19
2024-10-20 21:10,T147,Passenger,S2,S3,77,19:23,19:53,30,Rain,Red,Occupied,No,1,Monday,21,Low,33
2024-07-16 19:10,T148,Passenger,S2,S3,61,19:58,20:18,20,Sunny,Green,Occupied,No,2,Thursday,19,High,26
2024-03-01 15:50,T149,Express,S4,S5,87,22:48,23:01,13,Fog,Green,Free,Yes,1,Wednesday,15,Low,13
2024-03-27 02:35,T150,Express,S4,S5,110,00:31,00:39,8,Sunny,Yellow,Free,Yes,1,Thursday,2,High,12
2024-04-04 06:25,T151,Passenger,S1,S2,58,17:03,17:20,17,Fog,Yellow,Free,Yes,2,Wednesday,6,Medium,19
2024-02-25 19:00,T152,Passenger,S4,S5,68,01:59,02:18,19,Sunny,Red,Free,Yes,2,Friday,19,Medium,21
2024-04-06 18:55,T153,Express,S2,S3,101,20:19,20:44,25,Sunny,Red,Occupied,Yes,1,Thursday,18,Medium,27
2024-04-16 07:05,T154,Passenger,S4,S5,63,20:07,20:36,29,Sunny,Red,Free,Yes,2,Saturday,7,High,34
2024-05-02 12:15,T155,Freight,S3,S4,43,02:35,02:56,21,Fog,Green,Free,Yes,3,Sunday,12,Medium,25
2024-01-12 01:50,T156,Passenger,S4,S5,64,16:49,17:10,21,Fog,Yellow,Occupied,Yes,1,Thursday,1,Low,26
2024-07-18 10:50,T157,Passenger,S2,S3,66,23:28,23:38,10,Sunny,Green,Occupied,Yes,1,Saturday,10,Low,14
2024-02-09 04:05,T158,Passenger,S2,S3,75,21:14,21:22,8,Sunny,Green,Free,Yes,2,Wednesday,4,High,13
2024-01-31 12:35,T159,Freight,S4,S5,49,23:15,23:40,25,Rain,Yellow,Free,No,3,Saturday,12,Medium,28
2024-06-19 13:55,T160,Passenger,S3,S4,64,17:54,18:16,22,Sunny,Green,Occupied,Yes,2,Monday,13,Medium,26
2024-08-30 06:15,T101,Express,S4,S5,93,06:45,07:03,18,Sunny,Green,Occupied,Yes,1,Saturday,6,Medium,21
2024-03-19 19:30,T102,Express,S4,S5,104,01:12,01:21,9,Sunny,Yellow,Free,Yes,1,Sunday,19,Medium,12
2024-08-08 06:10,T103,Freight,S4,S5,58,13:20,13:37,17,Sunny,Red,Free,No,3,Sunday,6,Low,17
2024-07-26 23:10,T104,Express,S1,S2,105,06:19,06:49,30,Fog,Green,Occupied,Yes,1,Wednesday,23,High,35
2024-09-22 20:35,T105,Passenger,S4,S5,65,22:17,22:40,23,Rain,Red,Occupied,Yes,1,Friday,20,Medium,32
2024-03-10 21:45,T106,Passenger,S4,S5,56,11:56,12:03,7,Sunny,Green,Free,Yes,2,Thursday,21,Medium,8
2024-08-06 15:00,T107,Passenger,S1,S2,77,19:57,20:19,22,Rain,Red,Free,Yes,2,Friday,15,High,29
2024-10-06 23:50,T108,Passenger,S4,S5,76,14:42,14:57,15,Sunny,Yellow,Free,No,2,Monday,23,Medium,15
2024-03-16 16:30,T109,Passenger,S3,S4,79,13:45,14:09,24,Sunny,Red,Occupied,Yes,2,Wednesday,16,Low,26
2024-06-30 11:05,T110,Freight,S1,S2,47,04:36,05:06,30,Fog,Yellow,Occupied,Yes,3,Monday,11,Low,35
2024-04-03 22:05,T111,Passenger,S2,S3,60,00:27,00:49,22,Rain,Green,Free,Yes,2,Tuesday,22,Medium,25
2024-08-07 00:05,T112,Passenger,S1,S2,83,05:12,05:33,21,Sunny,Red,Free,Yes,1,Tuesday,0,High,29
2024-10-19 06:30,T113,Express,S4,S5,117,08:52,08:59,7,Sunny,Green,Free,No,1,Saturday,6,Medium,6
2024-07-01 22:35,T114,Passenger,S4,S5,60,00:47,01:12,25,Rain,Green,Occupied,No,2,Saturday,22,Medium,30
2024-07-13 07:45,T115,Freight,S3,S4,57,05:02,05:32,30,Rain,Green,Occupied,Yes,3,Saturday,7,High,36
2024-01-15 13:50,T116,Passenger,S2,S3,80,05:09,05:15,6,Rain,Green,Free,Yes,1,Wednesday,13,Low,10
2024-05-21 15:30,T117,Express,S2,S3,116,13:54,14:11,17,Sunny,Red,Free,No,1,Friday,15,Low,16
2024-06-11 10:50,T118,Passenger,S1,S2,74,09:43,09:56,13,Rain,Yellow,Free,Yes,2,Saturday,10,Low,15
2024-08-27 10:50,T119,Passenger,S2,S3,75,15:50,16:12,22,Sunny,Green,Occupied,Yes,2,Saturday,10,High,28
2024-04-03 04:45,T120,Freight,S3,S4,56,10:05,10:28,23,Sunny,Green,Occupied,No,3,Monday,4,Medium,26
2024-09-01 19:35,T121,Express,S1,S2,105,17:09,17:29,20,Rain,Red,Free,Yes,1,Wednesday,19,High,26
2024-09-30 00:20,T122,Freight,S4,S5,62,08:13,08:41,28,Sunny,Green,Occupied,No,3,Sunday,0,Low,31
2024-07-21 22:45,T123,Express,S3,S4,114,14:18,14:37,19,Sunny,Green,Occupied,Yes,1,Wednesday,22,High,22
2024-06-27 01:50,T124,Passenger,S3,S4,94,09:20,09:32,12,Rain,Yellow,Occupied,Yes,2,Sunday,1,Low,14
2024-05-02 10:05,T125,Freight,S3,S4,50,15:25,15:38,13,Sunny,Yellow,Free,Yes,3,Monday,10,Low,14
2024-09-20 22:15,T126,Express,S1,S2,88,15:02,15:23,21,Sunny,Yellow,Occupied,No,1,Saturday,22,Low,25
2024-02-06 06:15,T127,Passenger,S1,S2,67,18:31,18:42,11,Sunny,Yellow,Free,Yes,2,Friday,6,Low,13
2024-06-12 06:45,T128,Express,S3,S4,117,08:21,08:41,20,Sunny,Red,Free,Yes,1,Thursday,6,Medium,18
2024-10-10 23:55,T129,Passenger,S2,S3,67,09:53,10:10,17,Rain,Green,Free,Yes,2,Sunday,23,Medium,20
2024-07-30 23:30,T130,Express,S2,S3,106,23:20,23:35,15,Sunny,Green,Occupied,No,1,Tuesday,23,Medium,16
2024-05-26 18:10,T131,Freight,S3,S4,54,03:03,03:28,25,Sunny,Yellow,Occupied,No,3,Thursday,18,Low,28
2024-06-11 21:00,T132,Passenger,S2,S3,62,15:11,15:27,16,Sunny,Green,Free,No,2,Saturday,21,Medium,15
2024-02-08 15:30,T133,Express,S4,S5,109,14:26,14:44,18,Sunny,Green,Occupied,Yes,1,Monday,15,High,19
2024-02-15 18:30,T134,Express,S4,S5,85,17:44,17:55,11,Sunny,Green,Occupied,Yes,1,Saturday,18,Low,11
2024-02-24 11:30,T135,Passenger,S2,S3,75,05:37,05:59,22,Sunny,Green,Free,Yes,2,Saturday,11,High,23
2024-03-01 14:35,T136,Passenger,S2,S3,76,17:55,18:25,30,Rain,Red,Free,No,2,Wednesday,14,Low,34
2024-09-14 01:40,T137,Express,S4,S5,92,03:36,03:51,15,Sunny,Red,Occupied,Yes,1,Friday,1,Low,18
2024-02-25 20:35,T138,Passenger,S4,S5,61,04:53,05:23,30,Rain,Yellow,Occupied,No,2,Tuesday,20,High,36
2024-02-01 09:05,T139,Freight,S2,S3,40,06:11,06:38,27,Fog,Yellow,Free,Yes,3,Monday,9,Low,31
2024-01-08 01:50,T140,Passenger,S4,S5,95,15:02,15:20,18,Sunny,Green,Free,Yes,2,Friday,1,High,21
2024-02-09 15:05,T141,Freight,S4,S5,40,15:16,15:46,30,Sunny,Green,Occupied,No,3,Thursday,15,High,35
2024-05-11 18:50,T142,Passenger,S1,S2,55,00:59,01:14,15,Sunny,Green,Free,Yes,2,Saturday,18,High,19
2024-06-15 01:20,T143,Passenger,S4,S5,73,19:21,19:37,16,Sunny,Yellow,Occupied,Yes,2,Sunday,1,Low,17
2024-06-04 22:05,T144,Express,S4,S5,99,03:10,03:28,18,Sunny,Yellow,Occupied,Yes,1,Saturday,22,Medium,22
2024-09-26 21:25,T145,Passenger,S1,S2,59,15:25,15:39,14,Sunny,Green,Occupied,Yes,1,Monday,21,Low,16
2024-03-13 05:45,T146,Passenger,S4,S5,59,13:07,13:16,9,Rain,Green,Free,Yes,2,Sunday,5,Low,12
2024-05-20 10:15,T147,Passenger,S1,S2,74,15:51,15:58,7,Sunny,Yellow,Free,Yes,1,Sunday,10,Medium,10
2024-09-04 08:30,T148,Express,S4,S5,108,01:48,02:11,23,Sunny,Red,Occupied,Yes,1,Tuesday,8,Medium,28
2024-03-17 13:45,T149,Passenger,S3,S4,86,00:26,00:42,16,Sunny,Green,Occupied,Yes,2,Sunday,13,Low,18
2024-10-02 15:40,T150,Freight,S3,S4,69,15:24,15:52,28,Rain,Red,Free,Yes,3,Wednesday,15,Medium,35
2024-08-21 10:25,T151,Freight,S3,S4,59,07:36,08:03,27,Sunny,Red,Free,Yes,3,Friday,10,Medium,31
2024-06-22 18:40,T152,Passenger,S3,S4,68,05:07,05:37,30,Rain,Red,Free,Yes,2,Sunday,18,High,38
2024-05-29 08:45,T153,Freight,S4,S5,57,02:16,02:32,16,Sunny,Green,Free,Yes,3,Wednesday,8,Low,19
2024-05-17 20:35,T154,Passenger,S2,S3,72,19:06,19:13,7,Sunny,Green,Free,Yes,2,Monday,20,High,7
2024-04-08 23:50,T155,Passenger,S3,S4,63,13:13,13:27,14,Sunny,Yellow,Free,Yes,2,Sunday,23,Medium,18
2024-09-23 18:25,T156,Passenger,S2,S3,64,07:10,07:33,23,Fog,Red,Free,Yes,2,Monday,18,Low,26
2024-10-13 03:00,T157,Express,S2,S3,96,07:42,07:43,1,Sunny,Yellow,Free,Yes,1,Tuesday,3,Low,2
2024-07-02 08:15,T158,Freight,S4,S5,40,21:31,21:57,26,Sunny,Red,Free,Yes,3,Friday,8,Medium,30
2024-03-02 12:20,T159,Freight,S2,S3,46,07:45,07:57,12,Sunny,Green,Free,Yes,3,Wednesday,12,Low,13
2024-07-21 13:55,T160,Passenger,S3,S4,79,14:58,15:03,5,Sunny,Green,Free,Yes,2,Monday,13,Low,4
2024-03-31 11:00,T101,Freight,S2,S3,67,07:05,07:24,19,Rain,Green,Free,Yes,3,Monday,11,Low,22
2024-01-20 05:40,T102,Freight,S2,S3,47,02:14,02:44,30,Fog,Yellow,Free,No,3,Thursday,5,High,35
2024-07-02 17:05,T103,Freight,S3,S4,66,14:35,14:55,20,Rain,Yellow,Free,No,3,Sunday,17,Low,23
2024-05-15 07:45,T104,Express,S4,S5,94,11:36,11:46,10,Rain,Green,Free,No,1,Sunday,7,Medium,13
2024-05-23 12:40,T105,Freight,S4,S5,57,14:41,15:11,30,Fog,Green,Free,No,3,Friday,12,Medium,35
2024-01-26 13:30,T106,Freight,S3,S4,43,12:19,12:35,16,Sunny,Green,Free,Yes,3,Friday,13,Medium,17
2024-07-17 12:35,T107,Express,S2,S3,113,22:29,22:31,2,Sunny,Green,Free,No,1,Wednesday,12,Low,2
2024-01-13 09:25,T108,Passenger,S4,S5,82,16:35,16:48,13,Sunny,Red,Occupied,Yes,2,Monday,9,Low,19
2024-01-25 14:30,T109,Express,S2,S3,118,10:51,11:10,19,Rain,Green,Free,Yes,1,Wednesday,14,High,22
2024-05-11 14:55,T110,Freight,S4,S5,50,23:40,23:56,16,Sunny,Green,Occupied,Yes,3,Saturday,14,Low,17
2024-09-02 04:30,T111,Express,S2,S3,111,17:36,18:02,26,Sunny,Red,Free,Yes,1,Sunday,4,High,27
2024-05-25 11:35,T112,Express,S4,S5,106,08:36,09:06,30,Rain,Red,Occupied,Yes,1,Friday,11,Medium,38
2024-01-08 08:05,T113,Express,S4,S5,88,04:35,04:56,21,Sunny,Yellow,Occupied,Yes,1,Friday,8,High,24
2024-05-26 12:30,T114,Passenger,S1,S2,75,04:26,04:49,23,Sunny,Green,Occupied,Yes,1,Monday,12,High,26
2024-01-13 10:45,T115,Passenger,S2,S3,76,12:54,13:08,14,Sunny,Green,Occupied,Yes,2,Tuesday,10,Medium,15
2024-04-12 22:25,T116,Express,S3,S4,108,21:36,21:42,6,Sunny,Green,Free,Yes,1,Saturday,22,High,11
2024-01-08 09:45,T117,Freight,S4,S5,43,16:04,16:26,22,Fog,Green,Free,Yes,3,Wednesday,9,Low,25
2024-03-15 16:20,T118,Passenger,S4,S5,83,09:41,09:59,18,Rain,Green,Occupied,Yes,2,Wednesday,16,Low,18
2024-06-08 04:10,T119,Express,S1,S2,94,23:04,23:10,6,Sunny,Green,Free,Yes,1,Monday,4,Medium,8
2024-02-20 01:20,T120,Express,S2,S3,107,12:11,12:41,30,Fog,Green,Occupied,No,1,Monday,1,High,37
2024-01-06 04:15,T121,Freight,S3,S4,44,16:38,16:48,10,Sunny,Green,Free,Yes,3,Monday,4,Low,11
2024-08-04 04:25,T122,Express,S4,S5,117,21:42,22:03,21,Fog,Yellow,Free,Yes,1,Tuesday,4,Medium,23
2024-10-26 13:35,T123,Passenger,S1,S2,85,19:36,19:45,9,Sunny,Green,Free,Yes,2,Sunday,13,Medium,11
2024-03-15 14:15,T124,Express,S2,S3,87,12:00,12:29,29,Sunny,Red,Occupied,Yes,1,Tuesday,14,High,33
2024-02-06 05:40,T125,Freight,S4,S5,57,20:12,20:25,13,Sunny,Green,Free,Yes,3,Saturday,5,Medium,16
2024-06-16 11:05,T126,Express,S4,S5,98,09:19,09:28,9,Fog,Yellow,Free,Yes,1,Saturday,11,Low,10
2024-07-11 21:45,T127,Express,S4,S5,117,08:50,08:54,4,Sunny,Yellow,Free,Yes,1,Monday,21,Low,4
2024-02-16 11:00,T128,Express,S2,S3,115,10:54,11:07,13,Sunny,Yellow,Free,Yes,1,Sunday,11,High,17
2024-06-17 12:25,T129,Freight,S4,S5,57,20:23,20:39,16,Sunny,Green,Free,Yes,3,Sunday,12,Low,16
2024-04-08 19:40,T130,Freight,S1,S2,44,17:49,18:09,20,Sunny,Green,Free,No,3,Sunday,19,Medium,24
2024-04-19 01:20,T131,Freight,S3,S4,41,21:08,21:38,30,Rain,Red,Occupied,Yes,3,Sunday,1,High,37
2024-01-14 03:25,T132,Passenger,S2,S3,88,03:06,03:24,18,Fog,Yellow,Free,Yes,2,Friday,3,Medium,25
2024-03-14 09:05,T133,Freight,S3,S4,69,12:48,13:08,20,Fog,Green,Occupied,Yes,3,Friday,9,Low,22
2024-04-19 08:10,T134,Passenger,S3,S4,80,18:35,18:49,14,Fog,Green,Free,Yes,2,Friday,8,Medium,17
2024-04-07 16:20,T135,Passenger,S2,S3,81,18:50,19:17,27,Rain,Red,Free,Yes,2,Monday,16,Medium,34
2024-05-10 08:50,T136,Express,S2,S3,92,19:31,19:35,4,Sunny,Green,Free,No,1,Saturday,8,Medium,2
2024-10-10 03:45,T137,Passenger,S4,S5,63,00:41,00:57,16,Sunny,Green,Occupied,Yes,2,Tuesday,3,Medium,20
2024-07-25 20:10,T138,Passenger,S3,S4,83,06:24,06:50,26,Sunny,Red,Occupied,Yes,2,Saturday,20,High,29
2024-04-23 09:10,T139,Passenger,S3,S4,68,09:17,09:33,16,Sunny,Yellow,Free,No,1,Thursday,9,Medium,17
2024-07-18 07:50,T140,Passenger,S4,S5,63,15:24,15:46,22,Sunny,Red,Free,No,1,Monday,7,Medium,26
2024-09-15 07:50,T141,Freight,S1,S2,47,17:54,18:16,22,Rain,Yellow,Free,Yes,3,Wednesday,7,Medium,25
2024-04-22 08:45,T142,Express,S3,S4,112,06:40,06:55,15,Sunny,Red,Free,Yes,1,Wednesday,8,Low,17
2024-07-23 07:30,T143,Passenger,S2,S3,89,17:01,17:24,23,Rain,Green,Occupied,Yes,2,Wednesday,7,Low,27
2024-03-20 03:00,T144,Passenger,S2,S3,68,08:00,08:23,23,Fog,Green,Occupied,Yes,2,Tuesday,3,High,30
2024-03-14 22:55,T145,Express,S3,S4,119,00:59,01:14,15,Fog,Red,Free,Yes,1,Tuesday,22,Low,20
2024-04-09 20:45,T146,Freight,S2,S3,40,00:42,00:59,17,Sunny,Green,Free,No,3,Saturday,20,Medium,20
2024-05-23 23:15,T147,Express,S2,S3,87,11:40,11:55,15,Rain,Yellow,Occupied,Yes,1,Monday,23,Medium,19
2024-05-25 07:55,T148,Express,S2,S3,111,05:17,05:44,27,Rain,Yellow,Occupied,Yes,1,Monday,7,High,33
2024-01-03 12:40,T149,Passenger,S1,S2,67,14:59,15:19,20,Sunny,Yellow,Occupied,Yes,1,Thursday,12,Medium,23
2024-01-22 17:05,T150,Express,S1,S2,117,07:34,07:42,8,Rain,Green,Free,Yes,1,Sunday,17,Low,9
2024-04-01 16:10,T151,Freight,S2,S3,62,19:28,19:42,14,Sunny,Yellow,Free,No,3,Saturday,16,Low,13
2024-06-17 23:50,T152,Freight,S1,S2,42,18:05,18:27,22,Sunny,Green,Occupied,Yes,3,Wednesday,23,High,29
2024-03-28 17:10,T153,Passenger,S3,S4,71,19:42,20:02,20,Rain,Green,Free,No,1,Tuesday,17,Low,23
2024-02-15 19:00,T154,Express,S4,S5,114,00:42,00:47,5,Sunny,Green,Free,Yes,1,Monday,19,Low,6
2024-10-02 16:15,T155,Express,S4,S5,94,10:23,10:35,12,Rain,Green,Occupied,No,1,Sunday,16,Low,16
2024-07-24 00:45,T156,Passenger,S4,S5,94,20:54,21:15,21,Fog,Green,Free,Yes,1,Wednesday,0,Low,22
2024-03-12 15:35,T157,Express,S3,S4,96,07:33,07:38,5,Sunny,Yellow,Free,Yes,1,Friday,15,Low,7
2024-03-01 21:50,T158,Passenger,S2,S3,88,23:19,23:28,9,Sunny,Green,Free,Yes,2,Friday,21,Low,7
2024-10-21 01:30,T159,Express,S3,S4,90,09:40,09:56,16,Sunny,Green,Occupied,No,1,Thursday,1,High,22
2024-03-27 09:30,T160,Express,S1,S2,90,08:55,09:12,17,Sunny,Yellow,Occupied,Yes,1,Thursday,9,High,22
2024-07-28 06:15,T101,Express,S1,S2,103,11:12,11:22,10,Fog,Green,Free,No,1,Tuesday,6,Low,14
2024-01-22 06:15,T102,Passenger,S1,S2,89,18:05,18:16,11,Rain,Green,Free,Yes,2,Monday,6,Low,14
2024-04-08 03:35,T103,Freight,S4,S5,64,16:54,17:10,16,Sunny,Yellow,Occupied,No,3,Wednesday,3,Low,20
2024-03-27 10:35,T104,Passenger,S1,S2,70,20:44,21:08,24,Sunny,Yellow,Occupied,Yes,2,Saturday,10,High,26
2024-08-26 20:45,T105,Express,S1,S2,92,09:06,09:18,12,Sunny,Green,Free,Yes,1,Sunday,20,High,15
2024-06-11 08:25,T106,Passenger,S2,S3,59,10:26,10:37,11,Sunny,Green,Free,No,2,Tuesday,8,Low,9
2024-02-28 12:30,T107,Freight,S3,S4,47,13:50,14:11,21,Rain,Yellow,Free,No,3,Thursday,12,Medium,26
2024-03-03 23:15,T108,Express,S4,S5,89,03:11,03:20,9,Rain,Green,Free,Yes,1,Wednesday,23,Medium,13
2024-04-28 07:20,T109,Freight,S3,S4,63,17:00,17:26,26,Rain,Red,Occupied,Yes,3,Monday,7,Low,31
2024-08-29 01:40,T110,Passenger,S4,S5,56,11:36,11:56,20,Rain,Green,Free,Yes,2,Friday,1,Medium,26
2024-09-22 20:45,T111,Passenger,S4,S5,73,19:47,20:17,30,Rain,Yellow,Occupied,Yes,2,Sunday,20,Low,35
2024-10-10 19:15,T112,Express,S1,S2,117,05:56,06:10,14,Sunny,Green,Occupied,No,1,Wednesday,19,Low,18
2024-06-17 13:00,T113,Passenger,S4,S5,95,20:28,20:44,16,Sunny,Green,Free,No,1,Monday,13,Medium,16
2024-01-09 21:05,T114,Freight,S3,S4,70,04:57,05:26,29,Rain,Yellow,Free,Yes,3,Thursday,21,High,35
2024-10-02 15:30,T115,Passenger,S1,S2,68,03:43,04:13,30,Fog,Red,Occupied,No,2,Monday,15,Low,36
2024-10-02 00:10,T116,Freight,S3,S4,60,15:48,16:03,15,Sunny,Green,Occupied,Yes,3,Monday,0,Low,16
2024-04-02 00:00,T117,Express,S2,S3,106,02:24,02:32,8,Sunny,Yellow,Free,Yes,1,Sunday,0,Medium,10
2024-02-22 08:20,T118,Passenger,S1,S2,78,00:57,01:09,12,Sunny,Green,Free,Yes,2,Tuesday,8,Medium,15
2024-04-04 23:35,T119,Express,S1,S2,120,23:40,00:05,25,Fog,Red,Occupied,No,1,Sunday,23,Medium,31
2024-02-07 12:05,T120,Passenger,S2,S3,67,14:34,14:50,16,Fog,Green,Free,No,2,Wednesday,12,Medium,19
2024-07-26 17:45,T121,Freight,S3,S4,44,11:24,11:35,11,Sunny,Green,Free,Yes,3,Thursday,17,Low,10
2024-02-14 03:30,T122,Express,S4,S5,103,08:18,08:32,14,Fog,Green,Free,Yes,1,Friday,3,Low,18
2024-09-10 05:50,T123,Express,S2,S3,89,02:56,03:16,20,Sunny,Red,Free,Yes,1,Monday,5,Medium,25
2024-08-30 17:15,T124,Passenger,S4,S5,69,03:54,04:18,24,Sunny,Yellow,Occupied,Yes,2,Sunday,17,Medium,29
2024-01-22 12:40,T125,Passenger,S4,S5,86,04:55,05:12,17,Rain,Green,Free,Yes,1,Tuesday,12,High,21
2024-02-29 03:50,T126,Express,S3,S4,119,08:25,08:43,18,Rain,Yellow,Free,No,1,Thursday,3,Low,20
2024-01-17 05:10,T127,Passenger,S3,S4,89,01:54,02:08,14,Sunny,Green,Free,No,2,Sunday,5,Medium,17
2024-02-25 14:50,T128,Passenger,S1,S2,60,17:32,17:52,20,Sunny,Red,Occupied,Yes,2,Wednesday,14,Low,25
2024-06-11 08:30,T129,Express,S2,S3,86,02:39,02:56,17,Sunny,Yellow,Occupied,Yes,1,Friday,8,Medium,17
2024-01-01 12:50,T130,Freight,S3,S4,61,05:43,06:07,24,Rain,Green,Free,Yes,3,Friday,12,Low,29
2024-01-22 17:10,T131,Express,S1,S2,95,23:21,23:39,18,Fog,Green,Free,Yes,1,Wednesday,17,Medium,20
2024-10-14 07:15,T132,Passenger,S3,S4,80,17:57,18:22,25,Fog,Red,Free,Yes,1,Sunday,7,Medium,33
2024-08-30 19:50,T133,Express,S2,S3,99,11:06,11:16,10,Sunny,Red,Free,Yes,1,Wednesday,19,Low,13
2024-04-06 09:20,T134,Express,S3,S4,116,07:00,07:04,4,Sunny,Yellow,Free,Yes,1,Sunday,9,Medium,6
2024-03-13 06:30,T135,Express,S1,S2,90,09:05,09:08,3,Sunny,Green,Free,Yes,1,Sunday,6,Low,4
2024-05-16 14:25,T136,Passenger,S1,S2,70,01:01,01:15,14,Fog,Green,Occupied,Yes,2,Sunday,14,Low,21
2024-07-03 17:00,T137,Passenger,S1,S2,92,19:46,20:11,25,Fog,Yellow,Free,Yes,1,Friday,17,Medium,29
2024-06-09 17:35,T138,Freight,S4,S5,65,08:19,08:49,30,Fog,Green,Occupied,Yes,3,Sunday,17,High,41
2024-04-19 13:25,T139,Express,S1,S2,90,00:08,00:19,11,Fog,Green,Free,Yes,1,Sunday,13,Low,13
2024-02-01 10:35,T140,Freight,S1,S2,46,01:33,01:52,19,Sunny,Yellow,Free,Yes,3,Monday,10,Low,21
2024-01-21 20:35,T141,Passenger,S2,S3,82,23:18,23:32,14,Rain,Green,Free,Yes,2,Thursday,20,Medium,15
2024-09-13 02:10,T142,Passenger,S1,S2,63,06:38,06:47,9,Sunny,Red,Free,Yes,1,Tuesday,2,Low,12
2024-09-02 05:35,T143,Express,S4,S5,107,12:33,12:49,16,Rain,Yellow,Free,Yes,1,Monday,5,Low,19
2024-02-03 02:40,T144,Express,S1,S2,105,21:47,22:05,18,Sunny,Red,Free,No,1,Tuesday,2,Low,21
2024-05-14 23:15,T145,Passenger,S2,S3,83,18:41,18:59,18,Rain,Green,Occupied,Yes,1,Sunday,23,Low,24
2024-09-20 04:15,T146,Express,S3,S4,100,05:20,05:36,16,Rain,Yellow,Free,Yes,1,Friday,4,High,23
2024-03-05 00:45,T147,Express,S4,S5,103,10:16,10:40,24,Fog,Yellow,Occupied,Yes,1,Tuesday,0,Medium,28
2024-05-16 03:15,T148,Express,S4,S5,118,15:45,16:01,16,Fog,Green,Free,Yes,1,Thursday,3,High,22
2024-06-26 01:00,T149,Passenger,S1,S2,90,08:48,09:18,30,Rain,Yellow,Occupied,No,2,Tuesday,1,Medium,34
2024-10-11 09:15,T150,Freight,S1,S2,46,12:41,13:01,20,Sunny,Yellow,Occupied,Yes,3,Monday,9,Medium,24
2024-03-10 23:40,T151,Express,S2,S3,115,06:03,06:22,19,Rain,Green,Free,Yes,1,Wednesday,23,Medium,17
2024-06-10 03:50,T152,Passenger,S2,S3,62,22:29,22:41,12,Sunny,Yellow,Free,Yes,2,Tuesday,3,Medium,12
2024-05-20 10:50,T153,Express,S1,S2,113,23:59,00:08,9,Sunny,Green,Free,No,1,Tuesday,10,Medium,9
2024-10-24 21:20,T154,Passenger,S2,S3,84,16:06,16:24,18,Sunny,Yellow,Free,Yes,1,Saturday,21,Medium,19
2024-01-18 18:15,T155,Express,S3,S4,109,22:54,23:11,17,Sunny,Red,Occupied,No,1,Tuesday,18,Low,19
2024-05-25 08:15,T156,Freight,S2,S3,54,13:59,14:15,16,Sunny,Green,Free,Yes,3,Monday,8,High,18
2024-05-06 11:45,T157,Express,S4,S5,88,05:30,05:30,0,Sunny,Green,Free,Yes,1,Thursday,11,Low,1
2024-03-06 03:25,T158,Express,S2,S3,103,10:16,10:28,12,Fog,Green,Occupied,Yes,1,Friday,3,Low,16
2024-01-15 09:45,T159,Freight,S4,S5,51,02:23,02:44,21,Sunny,Yellow,Occupied,Yes,3,Thursday,9,Medium,24
2024-07-21 16:05,T160,Express,S1,S2,92,01:13,01:26,13,Sunny,Red,Occupied,Yes,1,Sunday,16,Low,20
2024-04-19 04:45,T101,Express,S1,S2,108,00:55,01:10,15,Rain,Red,Occupied,Yes,1,Thursday,4,Low,19
2024-03-17 08:35,T102,Freight,S3,S4,51,09:12,09:42,30,Fog,Green,Occupied,Yes,3,Friday,8,Medium,36
2024-03-28 06:45,T103,Express,S1,S2,106,12:10,12:36,26,Fog,Red,Free,Yes,1,Tuesday,6,Medium,32
2024-05-04 13:05,T104,Express,S1,S2,102,09:21,09:42,21,Rain,Green,Free,Yes,1,Thursday,13,Medium,23
2024-01-04 10:15,T105,Express,S1,S2,102,21:45,21:55,10,Sunny,Yellow,Free,Yes,1,Friday,10,Medium,12
2024-01-18 17:55,T106,Passenger,S1,S2,81,09:06,09:14,8,Sunny,Green,Free,Yes,1,Thursday,17,Low,7
2024-08-03 23:55,T107,Freight,S3,S4,53,16:42,16:59,17,Rain,Green,Free,Yes,3,Tuesday,23,Medium,20
2024-06-24 03:05,T108,Express,S4,S5,119,13:03,13:19,16,Fog,Yellow,Occupied,Yes,1,Sunday,3,Medium,22
2024-01-16 08:20,T109,Express,S1,S2,119,17:08,17:28,20,Sunny,Green,Occupied,No,1,Thursday,8,Medium,20
2024-01-28 15:50,T110,Express,S1,S2,111,02:53,03:09,16,Fog,Red,Free,Yes,1,Thursday,15,Medium,25
2024-02-22 15:50,T111,Passenger,S4,S5,92,20:03,20:14,11,Sunny,Yellow,Free,Yes,2,Saturday,15,Low,10
2024-10-17 21:55,T112,Passenger,S2,S3,66,17:35,17:59,24,Sunny,Yellow,Free,No,2,Thursday,21,High,28
2024-09-11 23:20,T113,Freight,S4,S5,52,19:27,19:41,14,Sunny,Green,Free,Yes,3,Friday,23,Low,14
2024-09-05 20:30,T114,Freight,S3,S4,58,08:34,09:04,30,Sunny,Green,Occupied,No,3,Sunday,20,High,34
2024-01-17 18:05,T115,Passenger,S2,S3,88,13:01,13:15,14,Rain,Green,Free,Yes,2,Thursday,18,Medium,15
2024-07-10 07:00,T116,Express,S4,S5,85,08:20,08:30,10,Rain,Green,Free,No,1,Wednesday,7,Low,8
2024-02-02 06:55,T117,Passenger,S4,S5,75,09:17,09:30,13,Sunny,Yellow,Free,Yes,2,Saturday,6,Medium,17
2024-09-10 17:10,T118,Passenger,S1,S2,80,03:17,03:38,21,Sunny,Green,Free,No,2,Thursday,17,High,25
2024-04-23 19:40,T119,Passenger,S2,S3,92,14:19,14:36,17,Fog,Green,Free,No,1,Thursday,19,Low,19
2024-04-13 15:25,T120,Passenger,S2,S3,58,07:44,08:09,25,Fog,Red,Free,Yes,2,Sunday,15,Medium,32
2024-10-20 08:25,T121,Freight,S2,S3,43,11:38,11:57,19,Sunny,Green,Free,Yes,3,Friday,8,Medium,19
2024-10-12 08:55,T122,Express,S4,S5,109,17:39,17:42,3,Sunny,Green,Free,No,1,Saturday,8,Low,3
2024-10-11 14:20,T123,Freight,S3,S4,57,10:14,10:34,20,Sunny,Yellow,Free,Yes,3,Monday,14,Low,22
2024-04-16 20:25,T124,Express,S3,S4,88,19:38,19:48,10,Sunny,Red,Free,No,1,Monday,20,Medium,14
2024-03-09 12:00,T125,Express,S2,S3,105,03:05,03:21,16,Sunny,Yellow,Free,Yes,1,Friday,12,High,19
2024-07-25 17:10,T126,Passenger,S4,S5,85,06:55,07:22,27,Sunny,Yellow,Occupied,Yes,2,Saturday,17,High,30
2024-08-29 08:15,T127,Passenger,S2,S3,58,23:48,00:13,25,Fog,Green,Free,Yes,2,Tuesday,8,High,32
2024-09-27 22:15,T128,Express,S2,S3,92,16:20,16:43,23,Fog,Green,Occupied,No,1,Saturday,22,Low,24
2024-06-07 09:40,T129,Express,S2,S3,94,19:48,20:17,29,Rain,Red,Occupied,Yes,1,Saturday,9,High,37
2024-03-03 22:00,T130,Passenger,S2,S3,59,20:34,20:50,16,Sunny,Red,Free,Yes,1,Thursday,22,Low,20
2024-09-15 16:10,T131,Freight,S2,S3,50,08:39,08:58,19,Fog,Green,Free,Yes,3,Saturday,16,Low,25
2024-10-12 08:20,T132,Freight,S4,S5,51,21:23,21:51,28,Sunny,Green,Occupied,Yes,3,Tuesday,8,Medium,35
2024-01-11 03:10,T133,Express,S3,S4,100,17:29,17:42,13,Fog,Yellow,Free,Yes,1,Saturday,3,Low,18
2024-03-26 07:00,T134,Express,S4,S5,93,02:55,03:14,19,Rain,Yellow,Occupied,Yes,1,Wednesday,7,Low,22
2024-03-02 21:40,T135,Passenger,S1,S2,64,15:01,15:24,23,Sunny,Red,Occupied,Yes,2,Monday,21,Medium,24
2024-01-17 02:55,T136,Express,S2,S3,96,16:24,16:41,17,Sunny,Green,Free,Yes,1,Monday,2,High,20
2024-03-04 23:15,T137,Express,S4,S5,90,17:18,17:37,19,Fog,Yellow,Free,Yes,1,Wednesday,23,Medium,21
2024-09-12 12:10,T138,Express,S2,S3,86,00:23,00:37,14,Fog,Green,Free,No,1,Thursday,12,Low,17
2024-04-12 11:20,T139,Express,S1,S2,85,02:45,03:08,23,Sunny,Red,Occupied,Yes,1,Saturday,11,Low,29
2024-10-02 06:30,T140,Passenger,S1,S2,78,13:35,13:55,20,Sunny,Yellow,Free,No,2,Sunday,6,Medium,25
2024-04-08 21:50,T141,Passenger,S1,S2,85,15:50,16:02,12,Rain,Green,Free,Yes,1,Friday,21,Medium,14
2024-01-03 22:25,T142,Express,S1,S2,93,14:54,15:08,14,Fog,Yellow,Free,No,1,Thursday,22,Low,16
2024-06-16 09:55,T143,Passenger,S1,S2,84,02:42,02:51,9,Rain,Green,Free,Yes,1,Thursday,9,Medium,11
2024-01-02 02:35,T144,Express,S4,S5,106,01:51,02:13,22,Rain,Red,Occupied,No,1,Friday,2,Low,24
2024-10-17 11:35,T145,Freight,S2,S3,44,00:45,01:12,27,Rain,Red,Free,Yes,3,Sunday,11,Low,31
2024-06-15 17:45,T146,Freight,S4,S5,45,10:56,11:17,21,Rain,Yellow,Free,Yes,3,Friday,17,Medium,27
2024-03-08 01:25,T147,Freight,S3,S4,40,17:41,18:09,28,Rain,Red,Free,Yes,3,Thursday,1,High,35
2024-10-10 04:15,T148,Express,S4,S5,88,01:02,01:19,17,Sunny,Red,Free,Yes,1,Sunday,4,Low,21
2024-03-02 04:45,T149,Passenger,S3,S4,69,16:29,16:45,16,Sunny,Yellow,Free,No,2,Sunday,4,Medium,19
2024-08-06 23:05,T150,Express,S3,S4,119,01:16,01:24,8,Sunny,Green,Occupied,Yes,1,Monday,23,Medium,12
2024-02-10 04:30,T151,Freight,S2,S3,50,16:03,16:19,16,Sunny,Green,Free,Yes,3,Sunday,4,Medium,17
2024-01-30 20:20,T152,Express,S2,S3,109,12:58,13:02,4,Sunny,Green,Free,Yes,1,Sunday,20,Medium,5
2024-10-05 05:55,T153,Express,S4,S5,95,00:38,00:55,17,Sunny,Red,Occupied,Yes,1,Tuesday,5,Low,20
2024-04-13 00:10,T154,Freight,S4,S5,43,10:51,11:20,29,Sunny,Red,Occupied,Yes,3,Friday,0,Medium,32
2024-01-23 10:45,T155,Freight,S2,S3,45,11:55,12:19,24,Fog,Green,Occupied,No,3,Thursday,10,Medium,34
2024-03-19 15:05,T156,Express,S4,S5,103,14:45,14:50,5,Sunny,Green,Free,Yes,1,Monday,15,Low,3
2024-02-06 06:20,T157,Express,S4,S5,103,23:00,23:02,2,Sunny,Red,Free,Yes,1,Saturday,6,Low,2
2024-03-10 10:45,T158,Express,S3,S4,91,19:57,20:08,11,Sunny,Yellow,Free,No,1,Tuesday,10,High,13
2024-10-11 13:40,T159,Passenger,S1,S2,56,01:04,01:17,13,Sunny,Yellow,Free,Yes,2,Thursday,13,Low,13
2024-04-25 11:15,T160,Passenger,S3,S4,74,00:00,00:15,15,Sunny,Green,Occupied,No,2,Friday,11,Low,17
2024-05-13 12:10,T101,Express,S4,S5,105,09:06,09:11,5,Sunny,Green,Free,Yes,1,Wednesday,12,Medium,4
2024-01-17 13:50,T102,Express,S1,S2,87,01:22,01:33,11,Sunny,Yellow,Occupied,Yes,1,Saturday,13,Medium,14
2024-02-12 14:25,T103,Passenger,S1,S2,73,18:35,18:47,12,Rain,Yellow,Free,Yes,1,Saturday,14,Low,15
2024-05-24 14:25,T104,Passenger,S2,S3,55,11:33,11:48,15,Sunny,Green,Occupied,No,2,Saturday,14,Low,15
2024-05-21 22:10,T105,Passenger,S1,S2,66,03:41,04:11,30,Rain,Yellow,Free,Yes,2,Tuesday,22,High,31
2024-02-10 17:40,T106,Passenger,S2,S3,89,02:46,03:04,18,Rain,Green,Occupied,Yes,2,Wednesday,17,Medium,24
2024-03-25 19:10,T107,Freight,S2,S3,42,16:58,17:28,30,Rain,Red,Occupied,Yes,3,Friday,19,High,38
2024-03-19 04:00,T108,Express,S2,S3,99,08:05,08:08,3,Sunny,Green,Free,Yes,1,Tuesday,4,Low,4
2024-05-09 23:50,T109,Passenger,S2,S3,55,23:00,23:17,17,Sunny,Yellow,Occupied,Yes,2,Saturday,23,Low,18
2024-05-15 06:00,T110,Passenger,S1,S2,70,04:32,04:40,8,Sunny,Green,Free,Yes,1,Wednesday,6,Medium,11
2024-08-17 04:05,T111,Passenger,S1,S2,94,21:01,21:31,30,Rain,Red,Free,Yes,2,Friday,4,High,38
2024-09-19 23:40,T112,Express,S1,S2,101,08:04,08:26,22,Rain,Green,Free,Yes,1,Tuesday,23,High,26
2024-06-20 01:30,T113,Freight,S4,S5,66,07:44,07:57,13,Sunny,Green,Free,No,3,Thursday,1,Low,12
2024-04-11 09:45,T114,Passenger,S4,S5,80,06:45,06:55,10,Sunny,Green,Free,Yes,2,Tuesday,9,Medium,12
2024-04-01 04:20,T115,Freight,S1,S2,42,06:50,07:13,23,Sunny,Green,Occupied,Yes,3,Wednesday,4,Medium,29
2024-02-22 13:10,T116,Freight,S1,S2,63,20:15,20:45,30,Rain,Red,Occupied,Yes,3,Friday,13,Medium,37
2024-03-13 06:00,T117,Passenger,S2,S3,70,22:15,22:27,12,Sunny,Yellow,Free,Yes,2,Wednesday,6,Low,14
2024-08-03 14:30,T118,Freight,S3,S4,55,18:45,19:15,30,Fog,Yellow,Free,No,3,Wednesday,14,High,40
2024-03-06 13:15,T119,Freight,S4,S5,70,08:08,08:30,22,Sunny,Green,Free,Yes,3,Sunday,13,High,28
2024-01-10 14:10,T120,Express,S3,S4,109,03:54,04:04,10,Fog,Green,Occupied,Yes,1,Thursday,14,Low,14
2024-08-24 03:20,T121,Passenger,S2,S3,65,10:56,11:11,15,Sunny,Yellow,Free,Yes,1,Thursday,3,High,18
2024-02-24 03:05,T122,Passenger,S3,S4,65,11:46,12:02,16,Sunny,Green,Occupied,Yes,1,Tuesday,3,Low,19
2024-07-28 06:50,T123,Express,S4,S5,88,05:55,06:18,23,Rain,Red,Free,Yes,1,Monday,6,High,31
2024-10-12 01:50,T124,Express,S4,S5,85,01:59,02:17,18,Rain,Yellow,Occupied,No,1,Monday,1,High,24
2024-09-24 06:05,T125,Express,S3,S4,114,13:01,13:18,17,Rain,Green,Free,No,1,Saturday,6,High,20
2024-07-13 12:10,T126,Passenger,S3,S4,64,23:01,23:23,22,Rain,Green,Occupied,No,2,Friday,12,Low,23
2024-01-31 06:40,T127,Passenger,S4,S5,69,19:38,19:57,19,Sunny,Green,Occupied,Yes,2,Saturday,6,High,24
2024-04-16 02:00,T128,Express,S3,S4,87,17:29,17:29,0,Sunny,Green,Free,No,1,Thursday,2,Low,0
2024-03-03 20:40,T129,Passenger,S2,S3,80,07:57,08:26,29,Fog,Yellow,Free,Yes,1,Monday,20,High,36
2024-06-05 04:10,T130,Express,S2,S3,98,22:32,22:33,1,Sunny,Green,Free,Yes,1,Saturday,4,Low,1
2024-03-21 20:00,T131,Express,S2,S3,106,12:15,12:31,16,Fog,Yellow,Occupied,No,1,Tuesday,20,Low,19
2024-03-09 17:25,T132,Freight,S3,S4,64,04:00,04:30,30,Fog,Green,Occupied,Yes,3,Monday,17,Medium,34
2024-08-06 05:50,T133,Passenger,S3,S4,91,21:04,21:29,25,Sunny,Green,Occupied,Yes,2,Monday,5,High,27
2024-01-06 10:35,T134,Passenger,S4,S5,92,17:31,17:38,7,Sunny,Green,Free,Yes,1,Tuesday,10,Low,5
2024-05-26 21:05,T135,Passenger,S4,S5,61,04:19,04:37,18,Sunny,Green,Free,No,2,Tuesday,21,Medium,19
2024-08-24 02:45,T136,Express,S4,S5,116,05:08,05:21,13,Sunny,Green,Occupied,Yes,1,Thursday,2,Low,16
2024-01-18 02:50,T137,Freight,S3,S4,46,12:21,12:38,17,Sunny,Green,Free,No,3,Monday,2,Medium,16
2024-02-27 15:30,T138,Passenger,S3,S4,56,08:18,08:42,24,Rain,Green,Occupied,Yes,2,Sunday,15,Low,29
2024-01-05 18:35,T139,Passenger,S4,S5,86,18:28,18:47,19,Fog,Red,Free,No,2,Thursday,18,Low,23
2024-02-08 18:55,T140,Express,S2,S3,115,12:17,12:32,15,Rain,Yellow,Occupied,Yes,1,Tuesday,18,Low,15
2024-08-29 05:35,T141,Express,S3,S4,92,13:43,14:03,20,Sunny,Green,Occupied,No,1,Tuesday,5,Medium,22
2024-01-15 22:20,T142,Freight,S3,S4,63,02:50,03:20,30,Fog,Yellow,Free,No,3,Tuesday,22,Medium,37
2024-02-18 18:25,T143,Freight,S2,S3,44,16:26,16:44,18,Sunny,Yellow,Occupied,Yes,3,Tuesday,18,Medium,21
2024-02-04 09:40,T144,Express,S4,S5,87,11:12,11:19,7,Sunny,Yellow,Free,Yes,1,Thursday,9,High,11
2024-05-31 23:45,T145,Passenger,S3,S4,79,07:36,08:03,27,Sunny,Green,Occupied,No,1,Monday,23,High,35
2024-02-13 21:35,T146,Passenger,S3,S4,92,00:35,00:57,22,Fog,Red,Free,Yes,1,Wednesday,21,Low,26
2024-03-20 01:15,T147,Express,S2,S3,119,09:56,10:05,9,Sunny,Red,Free,Yes,1,Friday,1,Low,11
2024-08-25 21:35,T148,Passenger,S1,S2,56,22:37,22:52,15,Sunny,Yellow,Occupied,Yes,2,Wednesday,21,Medium,21
2024-03-10 02:50,T149,Freight,S2,S3,68,21:31,21:42,11,Sunny,Green,Free,Yes,3,Sunday,2,Low,11
2024-06-14 17:45,T150,Passenger,S3,S4,58,08:27,08:49,22,Sunny,Green,Occupied,No,2,Tuesday,17,High,27
2024-04-20 18:05,T151,Express,S1,S2,93,06:13,06:23,10,Fog,Green,Free,Yes,1,Wednesday,18,Medium,11
2024-01-23 07:55,T152,Freight,S3,S4,64,01:11,01:30,19,Sunny,Green,Free,No,3,Sunday,7,Low,19
2024-05-10 17:20,T153,Express,S3,S4,93,14:04,14:31,27,Fog,Yellow,Occupied,No,1,Monday,17,High,32
2024-02-09 15:50,T154,Passenger,S4,S5,61,20:44,21:03,19,Sunny,Red,Free,Yes,2,Sunday,15,High,27
2024-04-03 15:50,T155,Express,S4,S5,94,04:21,04:34,13,Sunny,Red,Free,Yes,1,Sunday,15,Low,16
2024-09-12 20:15,T156,Passenger,S2,S3,70,14:36,14:53,17,Rain,Green,Free,Yes,1,Thursday,20,Low,21
2024-10-02 01:35,T157,Passenger,S1,S2,59,09:44,09:58,14,Sunny,Yellow,Free,Yes,1,Thursday,1,High,15
2024-09-17 07:15,T158,Express,S4,S5,109,17:29,17:36,7,Sunny,Green,Occupied,Yes,1,Saturday,7,Low,7
2024-08-24 06:15,T159,Freight,S1,S2,62,09:18,09:48,30,Sunny,Red,Occupied,Yes,3,Friday,6,High,36
2024-04-10 11:05,T160,Freight,S4,S5,64,19:49,20:19,30,Fog,Green,Occupied,Yes,3,Friday,11,Medium,38
2024-08-01 05:10,T101,Express,S4,S5,115,11:36,11:42,6,Sunny,Green,Occupied,Yes,1,Wednesday,5,Low,9
2024-03-18 13:15,T102,Express,S1,S2,105,01:09,01:27,18,Rain,Green,Occupied,Yes,1,Sunday,13,Low,20
2024-03-20 08:45,T103,Express,S4,S5,89,16:01,16:06,5,Rain,Yellow,Free,Yes,1,Wednesday,8,Low,6
2024-06-26 02:25,T104,Freight,S1,S2,70,23:18,23:46,28,Sunny,Red,Free,Yes,3,Sunday,2,Low,32
2024-04-22 16:25,T105,Freight,S1,S2,64,08:35,09:03,28,Sunny,Green,Occupied,No,3,Friday,16,High,34
2024-10-15 12:55,T106,Passenger,S4,S5,95,09:49,10:10,21,Rain,Yellow,Occupied,Yes,2,Thursday,12,Low,21
2024-06-16 19:20,T107,Express,S1,S2,87,17:13,17:37,24,Rain,Green,Occupied,No,1,Wednesday,19,High,33
2024-04-25 06:05,T108,Passenger,S1,S2,65,23:35,23:39,4,Sunny,Green,Free,Yes,2,Friday,6,Medium,4
2024-04-15 06:05,T109,Passenger,S3,S4,67,00:20,00:31,11,Rain,Green,Free,Yes,2,Friday,6,Low,13
2024-10-05 19:00,T110,Freight,S2,S3,61,01:28,01:47,19,Sunny,Yellow,Free,Yes,3,Sunday,19,Medium,22
2024-03-26 16:25,T111,Freight,S4,S5,68,20:07,20:37,30,Fog,Red,Occupied,No,3,Saturday,16,High,36
2024-09-10 16:55,T112,Freight,S2,S3,43,07:22,07:52,30,Fog,Green,Free,No,3,Saturday,16,Medium,34
2024-01-21 17:40,T113,Freight,S2,S3,40,03:54,04:23,29,Rain,Green,Occupied,Yes,3,Saturday,17,Medium,35
2024-08-29 23:10,T114,Passenger,S2,S3,56,22:25,22:44,19,Sunny,Yellow,Occupied,Yes,2,Saturday,23,Medium,22
2024-02-21 00:35,T115,Express,S3,S4,112,23:19,23:42,23,Fog,Yellow,Free,Yes,1,Saturday,0,Medium,26
2024-04-06 15:20,T116,Passenger,S4,S5,74,17:22,17:42,20,Rain,Red,Free,Yes,2,Saturday,15,Low,24
2024-05-30 18:40,T117,Passenger,S3,S4,68,17:06,17:23,17,Fog,Green,Free,Yes,1,Thursday,18,Low,17
2024-05-22 14:00,T118,Freight,S1,S2,45,12:25,12:44,19,Sunny,Yellow,Free,No,3,Thursday,14,Low,18
2024-08-30 19:45,T119,Express,S3,S4,119,23:30,23:44,14,Sunny,Red,Occupied,Yes,1,Friday,19,Medium,17
2024-01-10 19:25,T120,Passenger,S4,S5,61,20:13,20:38,25,Sunny,Red,Free,Yes,2,Friday,19,High,29
2024-05-01 16:35,T121,Passenger,S4,S5,56,05:26,05:40,14,Fog,Red,Free,Yes,1,Saturday,16,Low,17
2024-10-07 21:25,T122,Passenger,S1,S2,80,13:35,13:52,17,Fog,Green,Occupied,Yes,2,Thursday,21,Low,24
2024-07-05 05:10,T123,Freight,S2,S3,50,05:07,05:32,25,Rain,Green,Free,Yes,3,Thursday,5,Medium,32
2024-08-16 19:30,T124,Express,S3,S4,108,10:10,10:16,6,Sunny,Red,Free,Yes,1,Friday,19,Low,7
2024-09-12 12:10,T125,Express,S1,S2,85,21:11,21:41,30,Fog,Red,Free,No,1,Saturday,12,Medium,38
2024-06-24 05:45,T126,Express,S3,S4,120,21:19,21:30,11,Sunny,Red,Free,No,1,Wednesday,5,Low,15
2024-09-29 20:00,T127,Express,S3,S4,88,11:19,11:32,13,Rain,Green,Free,Yes,1,Friday,20,Low,14
2024-07-27 14:05,T128,Freight,S3,S4,43,11:37,11:54,17,Sunny,Red,Free,Yes,3,Sunday,14,Low,19
2024-10-21 02:55,T129,Express,S2,S3,111,06:15,06:41,26,Fog,Yellow,Free,Yes,1,Monday,2,High,32
2024-04-10 02:25,T130,Freight,S4,S5,45,05:07,05:28,21,Sunny,Green,Free,Yes,3,Wednesday,2,High,25
2024-10-12 12:35,T131,Passenger,S4,S5,67,02:47,03:11,24,Sunny,Yellow,Occupied,Yes,2,Wednesday,12,High,31
2024-02-23 19:45,T132,Freight,S4,S5,48,18:37,19:01,24,Rain,Yellow,Free,Yes,3,Wednesday,19,Medium,30
2024-01-02 12:20,T133,Express,S3,S4,95,23:32,23:58,26,Rain,Green,Occupied,No,1,Saturday,12,Medium,33
2024-03-14 14:55,T134,Passenger,S1,S2,66,18:29,18:59,30,Rain,Yellow,Occupied,No,2,Tuesday,14,High,37
2024-08-18 03:20,T135,Freight,S3,S4,69,06:27,06:44,17,Sunny,Red,Free,Yes,3,Wednesday,3,Medium,25
2024-07-22 17:05,T136,Express,S1,S2,100,08:58,09:13,15,Sunny,Green,Occupied,No,1,Friday,17,Medium,17
2024-02-13 21:25,T137,Passenger,S2,S3,78,23:32,23:54,22,Sunny,Green,Occupied,No,1,Monday,21,High,25
2024-03-22 17:10,T138,Freight,S1,S2,40,18:30,18:45,15,Sunny,Yellow,Free,Yes,3,Tuesday,17,Medium,17
2024-05-11 14:15,T139,Express,S2,S3,104,12:04,12:28,24,Fog,Red,Occupied,Yes,1,Tuesday,14,Low,34
2024-02-03 01:55,T140,Express,S3,S4,100,00:40,00:57,17,Sunny,Green,Occupied,No,1,Sunday,1,High,22
